PAIR,ENTRY,SL,TP,CONFIDENCE,RESULT,PNL
BTC/USDT,SESSION CLOSED,0.0,0.0,100.0,RUNNING,0.0
BTC/USDT,SESSION CLOSED,0.0,0.0,100.0,RUNNING,0.0
BTC/USDT,SESSION CLOSED,0.0,0.0,100.0,RUNNING,0.0
BTC/USDT,SESSION CLOSED,0.0,0.0,100.0,RUNNING,0.0
ETH/USDT,SESSION CLOSED,0.0,0.0,100.0,RUNNING,0.0
ETH/USDT,SESSION CLOSED,0.0,0.0,100.0,RUNNING,0.0
BTC/USDT,SESSION CLOSED,0.0,0.0,100.0,RUNNING,0.0
ETH/USDT,SESSION CLOSED,0.0,0.0,100.0,RUNNING,0.0
BTC/USDT,SESSION CLOSED,0.0,0.0,100.0,RUNNING,0.0
ETH/USDT,SESSION CLOSED,0.0,0.0,100.0,RUNNING,0.0
BTC/USDT,SESSION CLOSED,0.0,0.0,100.0,RUNNING,0.0
ETH/USDT,SESSION CLOSED,0.0,0.0,100.0,RUNNING,0.0
BTC/USDT,SESSION CLOSED,0.0,0.0,100.0,RUNNING,0.0
ETH/USDT,SESSION CLOSED,0.0,0.0,100.0,RUNNING,0.0
BTC/USDT,SESSION CLOSED,0.0,0.0,100.0,RUNNING,0.0
ETH/USDT,SESSION CLOSED,0.0,0.0,100.0,RUNNING,0.0
ETH/USDT,SESSION CLOSED,0.0,0.0,100.0,RUNNING,0.0
ETH/USDT,SESSION CLOSED,0.0,0.0,100.0,RUNNING,0.0
ETH/USDT,SESSION CLOSED,0.0,0.0,100.0,RUNNING,0.0
BTC/USDT,SESSION CLOSED,0.0,0.0,100.0,RUNNING,0.0
ETH/USDT,SESSION CLOSED,0.0,0.0,100.0,RUNNING,0.0
ETH/USDT,SESSION CLOSED,0.0,0.0,100.0,RUNNING,0.0
ETH/USDT,SESSION CLOSED,0.0,0.0,100.0,RUNNING,0.0
ETH/USDT,SESSION CLOSED,0.0,0.0,100.0,RUNNING,0.0
ETH/USDT,SESSION CLOSED,0.0,0.0,100.0,RUNNING,0.0
ETH/USDT,SESSION CLOSED,0.0,0.0,100.0,RUNNING,0.0
BTC/USDT,SESSION CLOSED,0.0,0.0,100.0,RUNNING,0.0
ETH/USDT,SESSION CLOSED,0.0,0.0,100.0,RUNNING,0.0
ETH/USDT,SESSION CLOSED,0.0,0.0,100.0,RUNNING,0.0
ETH/USDT,SESSION CLOSED,0.0,0.0,100.0,RUNNING,0.0
ETH/USDT,SESSION CLOSED,0.0,0.0,100.0,RUNNING,0.0
ETH/USDT,SESSION CLOSED,0.0,0.0,100.0,RUNNING,0.0
BTC/USDT,SESSION CLOSED,0.0,0.0,80.0,RUNNING,0.0
BTC/USDT,SESSION CLOSED,0.0,0.0,80.0,RUNNING,0.0
BTC/USDT,SESSION CLOSED,0.0,0.0,80.0,RUNNING,0.0
BTC/USDT,SESSION CLOSED,0.0,0.0,80.0,RUNNING,0.0
BTC/USDT,SESSION CLOSED,0.0,0.0,100.0,RUNNING,0.0
BTC/USDT,SESSION CLOSED,0.0,0.0,100.0,RUNNING,0.0
BTC/USDT,SESSION CLOSED,0.0,0.0,100.0,RUNNING,0.0
BTC/USDT,SESSION CLOSED,0.0,0.0,100.0,RUNNING,0.0
BTC/USDT,SESSION CLOSED,0.0,0.0,100.0,RUNNING,0.0
BTC/USDT,SESSION CLOSED,0.0,0.0,100.0,RUNNING,0.0
BTC/USDT,SESSION CLOSED,0.0,0.0,80.0,RUNNING,0.0
BTC/USDT,SESSION CLOSED,0.0,0.0,100.0,RUNNING,0.0
BTC/USDT,SESSION CLOSED,0.0,0.0,100.0,RUNNING,0.0
BTC/USDT,SESSION CLOSED,0.0,0.0,100.0,RUNNING,0.0
BTC/USDT,SESSION CLOSED,0.0,0.0,100.0,RUNNING,0.0
BTC/USDT,SESSION CLOSED,0.0,0.0,100.0,RUNNING,0.0
BTC/USDT,SESSION CLOSED,0.0,0.0,100.0,RUNNING,0.0
BTC/USDT,SESSION CLOSED,0.0,0.0,100.0,RUNNING,0.0
BTC/USDT,SESSION CLOSED,0.0,0.0,100.0,RUNNING,0.0
BTC/USDT,SESSION CLOSED,0.0,0.0,100.0,RUNNING,0.0
BTC/USDT,SESSION CLOSED,0.0,0.0,100.0,RUNNING,0.0
BTC/USDT,SESSION CLOSED,0.0,0.0,100.0,RUNNING,0.0
BTC/USDT,SESSION CLOSED,0.0,0.0,100.0,RUNNING,0.0
BTC/USDT,SESSION CLOSED,0.0,0.0,100.0,RUNNING,0.0
BTC/USDT,SESSION CLOSED,0.0,0.0,100.0,RUNNING,0.0
BTC/USDT,SESSION CLOSED,0.0,0.0,100.0,RUNNING,0.0
BTC/USDT,SESSION CLOSED,0.0,0.0,100.0,RUNNING,0.0
BTC/USDT,SESSION CLOSED,0.0,0.0,100.0,RUNNING,0.0
BTC/USDT,SESSION CLOSED,0.0,0.0,100.0,RUNNING,0.0
BTC/USDT,SESSION CLOSED,0.0,0.0,100.0,RUNNING,0.0
ETH/USDT,SESSION CLOSED,0.0,0.0,100.0,RUNNING,0.0
ETH/USDT,SESSION CLOSED,0.0,0.0,100.0,RUNNING,0.0
ETH/USDT,SESSION CLOSED,0.0,0.0,100.0,RUNNING,0.0
ETH/USDT,SESSION CLOSED,0.0,0.0,100.0,RUNNING,0.0
ETH/USDT,SESSION CLOSED,0.0,0.0,100.0,RUNNING,0.0
ETH/USDT,SESSION CLOSED,0.0,0.0,100.0,RUNNING,0.0
XRP/USDT,SESSION CLOSED,0.0,0.0,100.0,RUNNING,0.0
XRP/USDT,SESSION CLOSED,0.0,0.0,100.0,RUNNING,0.0
XRP/USDT,SESSION CLOSED,0.0,0.0,100.0,RUNNING,0.0
BTC/USDT,SESSION CLOSED,0.0,0.0,100.0,RUNNING,0.0
BTC/USDT,SESSION CLOSED,0.0,0.0,100.0,RUNNING,0.0
BTC/USDT,SESSION CLOSED,0.0,0.0,100.0,RUNNING,0.0
BTC/USDT,SESSION CLOSED,0.0,0.0,100.0,RUNNING,0.0
BTC/USDT,SESSION CLOSED,0.0,0.0,80.0,RUNNING,0.0
BTC/USDT,SESSION CLOSED,0.0,0.0,80.0,RUNNING,0.0
BTC/USDT,SESSION CLOSED,0.0,0.0,80.0,RUNNING,0.0
BTC/USDT,SESSION CLOSED,0.0,0.0,80.0,RUNNING,0.0
BTC/USDT,SESSION CLOSED,0.0,0.0,80.0,RUNNING,0.0
BTC/USDT,SESSION CLOSED,0.0,0.0,80.0,RUNNING,0.0
BTC/USDT,SESSION CLOSED,0.0,0.0,80.0,RUNNING,0.0
BTC/USDT,SESSION CLOSED,0.0,0.0,80.0,RUNNING,0.0
BTC/USDT,SESSION CLOSED,0.0,0.0,80.0,RUNNING,0.0
BTC/USDT,SESSION CLOSED,0.0,0.0,80.0,RUNNING,0.0
BTC/USDT,SESSION CLOSED,0.0,0.0,80.0,RUNNING,0.0
BTC/USDT,SESSION CLOSED,0.0,0.0,80.0,RUNNING,0.0
BTC/USDT,SESSION CLOSED,0.0,0.0,80.0,RUNNING,0.0
BTC/USDT,SESSION CLOSED,0.0,0.0,80.0,RUNNING,0.0
BTC/USDT,SESSION CLOSED,0.0,0.0,80.0,RUNNING,0.0
BTC/USDT,SESSION CLOSED,0.0,0.0,80.0,RUNNING,0.0
BTC/USDT,SESSION CLOSED,0.0,0.0,80.0,RUNNING,0.0
BTC/USDT,SESSION CLOSED,0.0,0.0,80.0,RUNNING,0.0
BTC/USDT,SESSION CLOSED,0.0,0.0,80.0,RUNNING,0.0
BTC/USDT,SESSION CLOSED,0.0,0.0,80.0,RUNNING,0.0
BTC/USDT,SESSION CLOSED,0.0,0.0,80.0,RUNNING,0.0
BTC/USDT,SESSION CLOSED,0.0,0.0,80.0,RUNNING,0.0
BTC/USDT,SESSION CLOSED,0.0,0.0,80.0,RUNNING,0.0
BTC/USDT,SESSION CLOSED,0.0,0.0,80.0,RUNNING,0.0
BTC/USDT,SESSION CLOSED,0.0,0.0,80.0,RUNNING,0.0
BTC/USDT,SESSION CLOSED,0.0,0.0,80.0,RUNNING,0.0
BTC/USDT,SESSION CLOSED,0.0,0.0,80.0,RUNNING,0.0
BTC/USDT,SESSION CLOSED,0.0,0.0,80.0,RUNNING,0.0
BTC/USDT,SESSION CLOSED,0.0,0.0,80.0,RUNNING,0.0
BTC/USDT,SESSION CLOSED,0.0,0.0,80.0,RUNNING,0.0
BTC/USDT,SESSION CLOSED,0.0,0.0,80.0,RUNNING,0.0
BTC/USDT,SESSION CLOSED,0.0,0.0,80.0,RUNNING,0.0
BTC/USDT,SESSION CLOSED,0.0,0.0,100.0,RUNNING,0.0
BTC/USDT,SESSION CLOSED,0.0,0.0,100.0,RUNNING,0.0
BTC/USDT,SESSION CLOSED,0.0,0.0,100.0,RUNNING,0.0
BTC/USDT,SESSION CLOSED,0.0,0.0,80.0,RUNNING,0.0
BTC/USDT,SESSION CLOSED,0.0,0.0,80.0,RUNNING,0.0
BTC/USDT,SESSION CLOSED,0.0,0.0,80.0,RUNNING,0.0
BTC/USDT,SESSION CLOSED,0.0,0.0,80.0,RUNNING,0.0
BTC/USDT,SESSION CLOSED,0.0,0.0,80.0,RUNNING,0.0
BTC/USDT,SESSION CLOSED,0.0,0.0,100.0,RUNNING,0.0
BTC/USDT,SESSION CLOSED,0.0,0.0,100.0,RUNNING,0.0
BTC/USDT,SESSION CLOSED,0.0,0.0,100.0,RUNNING,0.0
BTC/USDT,SESSION CLOSED,0.0,0.0,100.0,RUNNING,0.0
BTC/USDT,SESSION CLOSED,0.0,0.0,100.0,RUNNING,0.0
BTC/USDT,SESSION CLOSED,0.0,0.0,100.0,RUNNING,0.0
ETH/USDT,SESSION CLOSED,0.0,0.0,100.0,RUNNING,0.0
ETH/USDT,SESSION CLOSED,0.0,0.0,100.0,RUNNING,0.0
ETH/USDT,SESSION CLOSED,0.0,0.0,100.0,RUNNING,0.0
ETH/USDT,SESSION CLOSED,0.0,0.0,100.0,RUNNING,0.0
ETH/USDT,SESSION CLOSED,0.0,0.0,100.0,RUNNING,0.0
ETH/USDT,SESSION CLOSED,0.0,0.0,100.0,RUNNING,0.0
ETH/USDT,SESSION CLOSED,0.0,0.0,100.0,RUNNING,0.0
ETH/USDT,SESSION CLOSED,0.0,0.0,80.0,RUNNING,0.0
ETH/USDT,SESSION CLOSED,0.0,0.0,80.0,RUNNING,0.0
ETH/USDT,SESSION CLOSED,0.0,0.0,80.0,RUNNING,0.0
ETH/USDT,SESSION CLOSED,0.0,0.0,80.0,RUNNING,0.0
ETH/USDT,SESSION CLOSED,0.0,0.0,80.0,RUNNING,0.0
ETH/USDT,SESSION CLOSED,0.0,0.0,80.0,RUNNING,0.0
ETH/USDT,SESSION CLOSED,0.0,0.0,80.0,RUNNING,0.0
ETH/USDT,SESSION CLOSED,0.0,0.0,80.0,RUNNING,0.0
ETH/USDT,SESSION CLOSED,0.0,0.0,80.0,RUNNING,0.0
ETH/USDT,SESSION CLOSED,0.0,0.0,80.0,RUNNING,0.0
ETH/USDT,SESSION CLOSED,0.0,0.0,80.0,RUNNING,0.0
ETH/USDT,SESSION CLOSED,0.0,0.0,80.0,RUNNING,0.0
BTC/USDT,SESSION CLOSED,0.0,0.0,100.0,RUNNING,0.0
BTC/USDT,SESSION CLOSED,0.0,0.0,100.0,RUNNING,0.0
BTC/USDT,SESSION CLOSED,0.0,0.0,100.0,RUNNING,0.0
BTC/USDT,SESSION CLOSED,0.0,0.0,100.0,RUNNING,0.0
BTC/USDT,SESSION CLOSED,0.0,0.0,80.0,RUNNING,0.0
BTC/USDT,SESSION CLOSED,0.0,0.0,80.0,RUNNING,0.0
XRP/USDT,SESSION CLOSED,0.0,0.0,100.0,RUNNING,0.0
XRP/USDT,SESSION CLOSED,0.0,0.0,100.0,RUNNING,0.0
BTC/USDT,SESSION CLOSED,0.0,0.0,100.0,RUNNING,0.0
BTC/USDT,SESSION CLOSED,0.0,0.0,100.0,RUNNING,0.0
BTC/USDT,SESSION CLOSED,0.0,0.0,100.0,RUNNING,0.0
BTC/USDT,SESSION CLOSED,0.0,0.0,100.0,RUNNING,0.0
BTC/USDT,SESSION CLOSED,0.0,0.0,100.0,RUNNING,0.0
BTC/USDT,SESSION CLOSED,0.0,0.0,100.0,RUNNING,0.0
BTC/USDT,SESSION CLOSED,0.0,0.0,80.0,RUNNING,0.0
BTC/USDT,SESSION CLOSED,0.0,0.0,80.0,RUNNING,0.0
BTC/USDT,SESSION CLOSED,0.0,0.0,80.0,RUNNING,0.0
BTC/USDT,SESSION CLOSED,0.0,0.0,80.0,RUNNING,0.0
BTC/USDT,SESSION CLOSED,0.0,0.0,80.0,RUNNING,0.0
BTC/USDT,SESSION CLOSED,0.0,0.0,80.0,RUNNING,0.0
BTC/USDT,SESSION CLOSED,0.0,0.0,80.0,RUNNING,0.0
BTC/USDT,SESSION CLOSED,0.0,0.0,80.0,RUNNING,0.0
BTC/USDT,SESSION CLOSED,0.0,0.0,80.0,RUNNING,0.0
BTC/USDT,SESSION CLOSED,0.0,0.0,80.0,RUNNING,0.0
BTC/USDT,SESSION CLOSED,0.0,0.0,80.0,RUNNING,0.0
BTC/USDT,SESSION CLOSED,0.0,0.0,80.0,RUNNING,0.0
BTC/USDT,SESSION CLOSED,0.0,0.0,80.0,RUNNING,0.0
BTC/USDT,SESSION CLOSED,0.0,0.0,80.0,RUNNING,0.0
BTC/USDT,SESSION CLOSED,0.0,0.0,80.0,RUNNING,0.0
BTC/USDT,SESSION CLOSED,0.0,0.0,80.0,RUNNING,0.0
BTC/USDT,SESSION CLOSED,0.0,0.0,80.0,RUNNING,0.0
BTC/USDT,SESSION CLOSED,0.0,0.0,80.0,RUNNING,0.0
BTC/USDT,SESSION CLOSED,0.0,0.0,80.0,RUNNING,0.0
BTC/USDT,SESSION CLOSED,0.0,0.0,80.0,RUNNING,0.0
BTC/USDT,SESSION CLOSED,0.0,0.0,80.0,RUNNING,0.0
BTC/USDT,SESSION CLOSED,0.0,0.0,80.0,RUNNING,0.0
BTC/USDT,SESSION CLOSED,0.0,0.0,80.0,RUNNING,0.0
BTC/USDT,SESSION CLOSED,0.0,0.0,80.0,RUNNING,0.0
BTC/USDT,SESSION CLOSED,0.0,0.0,80.0,RUNNING,0.0
BTC/USDT,SESSION CLOSED,0.0,0.0,80.0,RUNNING,0.0
BTC/USDT,SESSION CLOSED,0.0,0.0,80.0,RUNNING,0.0
BTC/USDT,SESSION CLOSED,0.0,0.0,80.0,RUNNING,0.0
BTC/USDT,SESSION CLOSED,0.0,0.0,80.0,RUNNING,0.0
BTC/USDT,SESSION CLOSED,0.0,0.0,80.0,RUNNING,0.0
BTC/USDT,SESSION CLOSED,0.0,0.0,80.0,RUNNING,0.0
BTC/USDT,SESSION CLOSED,0.0,0.0,80.0,RUNNING,0.0
BTC/USDT,SESSION CLOSED,0.0,0.0,80.0,RUNNING,0.0
BTC/USDT,SESSION CLOSED,0.0,0.0,80.0,RUNNING,0.0
BTC/USDT,SESSION CLOSED,0.0,0.0,80.0,RUNNING,0.0
BTC/USDT,SESSION CLOSED,0.0,0.0,80.0,RUNNING,0.0
BTC/USDT,SESSION CLOSED,0.0,0.0,80.0,RUNNING,0.0
BTC/USDT,SESSION CLOSED,0.0,0.0,80.0,RUNNING,0.0
BTC/USDT,SESSION CLOSED,0.0,0.0,80.0,RUNNING,0.0
BTC/USDT,SESSION CLOSED,0.0,0.0,80.0,RUNNING,0.0
BTC/USDT,SESSION CLOSED,0.0,0.0,80.0,RUNNING,0.0
BTC/USDT,SESSION CLOSED,0.0,0.0,80.0,RUNNING,0.0
BTC/USDT,SESSION CLOSED,0.0,0.0,80.0,RUNNING,0.0
BTC/USDT,SESSION CLOSED,0.0,0.0,80.0,RUNNING,0.0
BTC/USDT,SESSION CLOSED,0.0,0.0,80.0,RUNNING,0.0
BTC/USDT,SESSION CLOSED,0.0,0.0,80.0,RUNNING,0.0
BTC/USDT,SESSION CLOSED,0.0,0.0,80.0,RUNNING,0.0
BTC/USDT,SESSION CLOSED,0.0,0.0,80.0,RUNNING,0.0
BTC/USDT,SESSION CLOSED,0.0,0.0,80.0,RUNNING,0.0
BTC/USDT,SESSION CLOSED,0.0,0.0,80.0,RUNNING,0.0
BTC/USDT,SESSION CLOSED,0.0,0.0,80.0,RUNNING,0.0
BTC/USDT,SESSION CLOSED,0.0,0.0,80.0,RUNNING,0.0
BTC/USDT,SESSION CLOSED,0.0,0.0,80.0,RUNNING,0.0
BTC/USDT,SESSION CLOSED,0.0,0.0,80.0,RUNNING,0.0
BTC/USDT,SESSION CLOSED,0.0,0.0,80.0,RUNNING,0.0
BTC/USDT,SESSION CLOSED,0.0,0.0,80.0,RUNNING,0.0
BTC/USDT,SESSION CLOSED,0.0,0.0,80.0,RUNNING,0.0
BTC/USDT,SESSION CLOSED,0.0,0.0,80.0,RUNNING,0.0
BTC/USDT,SESSION CLOSED,0.0,0.0,80.0,RUNNING,0.0
BTC/USDT,SESSION CLOSED,0.0,0.0,80.0,RUNNING,0.0
BTC/USDT,SESSION CLOSED,0.0,0.0,80.0,RUNNING,0.0
BTC/USDT,SESSION CLOSED,0.0,0.0,80.0,RUNNING,0.0
BTC/USDT,SESSION CLOSED,0.0,0.0,80.0,RUNNING,0.0
BTC/USDT,SESSION CLOSED,0.0,0.0,80.0,RUNNING,0.0
BTC/USDT,SESSION CLOSED,0.0,0.0,80.0,RUNNING,0.0
BTC/USDT,SESSION CLOSED,0.0,0.0,80.0,RUNNING,0.0
BTC/USDT,SESSION CLOSED,0.0,0.0,80.0,RUNNING,0.0
BTC/USDT,SESSION CLOSED,0.0,0.0,80.0,RUNNING,0.0
BTC/USDT,SESSION CLOSED,0.0,0.0,80.0,RUNNING,0.0
BTC/USDT,SESSION CLOSED,0.0,0.0,80.0,RUNNING,0.0
BTC/USDT,SESSION CLOSED,0.0,0.0,80.0,RUNNING,0.0
BTC/USDT,SESSION CLOSED,0.0,0.0,80.0,RUNNING,0.0
BTC/USDT,SESSION CLOSED,0.0,0.0,80.0,RUNNING,0.0
BTC/USDT,SESSION CLOSED,0.0,0.0,80.0,RUNNING,0.0
BTC/USDT,SESSION CLOSED,0.0,0.0,80.0,RUNNING,0.0
BTC/USDT,SESSION CLOSED,0.0,0.0,80.0,RUNNING,0.0
BTC/USDT,SESSION CLOSED,0.0,0.0,80.0,RUNNING,0.0
BTC/USDT,SESSION CLOSED,0.0,0.0,80.0,RUNNING,0.0
BTC/USDT,SESSION CLOSED,0.0,0.0,80.0,RUNNING,0.0
BTC/USDT,SESSION CLOSED,0.0,0.0,80.0,RUNNING,0.0
BTC/USDT,SESSION CLOSED,0.0,0.0,80.0,RUNNING,0.0
BTC/USDT,SESSION CLOSED,0.0,0.0,80.0,RUNNING,0.0
BTC/USDT,SESSION CLOSED,0.0,0.0,80.0,RUNNING,0.0
BTC/USDT,SESSION CLOSED,0.0,0.0,80.0,RUNNING,0.0
BTC/USDT,SESSION CLOSED,0.0,0.0,80.0,RUNNING,0.0
BTC/USDT,SESSION CLOSED,0.0,0.0,80.0,RUNNING,0.0
BTC/USDT,SESSION CLOSED,0.0,0.0,80.0,RUNNING,0.0
BTC/USDT,SESSION CLOSED,0.0,0.0,80.0,RUNNING,0.0
BTC/USDT,SESSION CLOSED,0.0,0.0,80.0,RUNNING,0.0
BTC/USDT,SESSION CLOSED,0.0,0.0,80.0,RUNNING,0.0
BTC/USDT,SESSION CLOSED,0.0,0.0,80.0,RUNNING,0.0
BTC/USDT,SESSION CLOSED,0.0,0.0,80.0,RUNNING,0.0
BTC/USDT,SESSION CLOSED,0.0,0.0,80.0,RUNNING,0.0
BTC/USDT,SESSION CLOSED,0.0,0.0,80.0,RUNNING,0.0
BTC/USDT,SESSION CLOSED,0.0,0.0,80.0,RUNNING,0.0
BTC/USDT,SESSION CLOSED,0.0,0.0,80.0,RUNNING,0.0
BTC/USDT,SESSION CLOSED,0.0,0.0,80.0,RUNNING,0.0
BTC/USDT,SESSION CLOSED,0.0,0.0,80.0,RUNNING,0.0
BTC/USDT,SESSION CLOSED,0.0,0.0,80.0,RUNNING,0.0
BTC/USDT,SESSION CLOSED,0.0,0.0,80.0,RUNNING,0.0
BTC/USDT,SESSION CLOSED,0.0,0.0,80.0,RUNNING,0.0
BTC/USDT,SESSION CLOSED,0.0,0.0,80.0,RUNNING,0.0
BTC/USDT,SESSION CLOSED,0.0,0.0,80.0,RUNNING,0.0
BTC/USDT,SESSION CLOSED,0.0,0.0,80.0,RUNNING,0.0
BTC/USDT,SESSION CLOSED,0.0,0.0,80.0,RUNNING,0.0
BTC/USDT,SESSION CLOSED,0.0,0.0,80.0,RUNNING,0.0
BTC/USDT,SESSION CLOSED,0.0,0.0,80.0,RUNNING,0.0
BTC/USDT,SESSION CLOSED,0.0,0.0,80.0,RUNNING,0.0
BTC/USDT,SESSION CLOSED,0.0,0.0,80.0,RUNNING,0.0
BTC/USDT,SESSION CLOSED,0.0,0.0,80.0,RUNNING,0.0
BTC/USDT,SESSION CLOSED,0.0,0.0,80.0,RUNNING,0.0
BTC/USDT,SESSION CLOSED,0.0,0.0,80.0,RUNNING,0.0
BTC/USDT,SESSION CLOSED,0.0,0.0,80.0,RUNNING,0.0
BTC/USDT,SESSION CLOSED,0.0,0.0,80.0,RUNNING,0.0
BTC/USDT,SESSION CLOSED,0.0,0.0,80.0,RUNNING,0.0
BTC/USDT,SESSION CLOSED,0.0,0.0,80.0,RUNNING,0.0
BTC/USDT,SESSION CLOSED,0.0,0.0,80.0,RUNNING,0.0
BTC/USDT,SESSION CLOSED,0.0,0.0,80.0,RUNNING,0.0
BTC/USDT,SESSION CLOSED,0.0,0.0,80.0,RUNNING,0.0
BTC/USDT,SESSION CLOSED,0.0,0.0,80.0,RUNNING,0.0
BTC/USDT,SESSION CLOSED,0.0,0.0,80.0,RUNNING,0.0
BTC/USDT,SESSION CLOSED,0.0,0.0,80.0,RUNNING,0.0
BTC/USDT,SESSION CLOSED,0.0,0.0,80.0,RUNNING,0.0
BTC/USDT,SESSION CLOSED,0.0,0.0,80.0,RUNNING,0.0
BTC/USDT,SESSION CLOSED,0.0,0.0,80.0,RUNNING,0.0
BTC/USDT,SESSION CLOSED,0.0,0.0,80.0,RUNNING,0.0
BTC/USDT,SESSION CLOSED,0.0,0.0,80.0,RUNNING,0.0
BTC/USDT,SESSION CLOSED,0.0,0.0,80.0,RUNNING,0.0
BTC/USDT,SESSION CLOSED,0.0,0.0,80.0,RUNNING,0.0
BTC/USDT,SESSION CLOSED,0.0,0.0,80.0,RUNNING,0.0
BTC/USDT,SESSION CLOSED,0.0,0.0,80.0,RUNNING,0.0
BTC/USDT,SESSION CLOSED,0.0,0.0,80.0,RUNNING,0.0
BTC/USDT,SESSION CLOSED,0.0,0.0,80.0,RUNNING,0.0
BTC/USDT,SESSION CLOSED,0.0,0.0,80.0,RUNNING,0.0
BTC/USDT,SESSION CLOSED,0.0,0.0,80.0,RUNNING,0.0
BTC/USDT,SESSION CLOSED,0.0,0.0,80.0,RUNNING,0.0
BTC/USDT,SESSION CLOSED,0.0,0.0,80.0,RUNNING,0.0
BTC/USDT,SESSION CLOSED,0.0,0.0,80.0,RUNNING,0.0
BTC/USDT,SESSION CLOSED,0.0,0.0,80.0,RUNNING,0.0
BTC/USDT,SESSION CLOSED,0.0,0.0,80.0,RUNNING,0.0
BTC/USDT,SESSION CLOSED,0.0,0.0,80.0,RUNNING,0.0
BTC/USDT,SESSION CLOSED,0.0,0.0,80.0,RUNNING,0.0
BTC/USDT,SESSION CLOSED,0.0,0.0,80.0,RUNNING,0.0
BTC/USDT,SESSION CLOSED,0.0,0.0,80.0,RUNNING,0.0
BTC/USDT,SESSION CLOSED,0.0,0.0,80.0,RUNNING,0.0
BTC/USDT,SESSION CLOSED,0.0,0.0,80.0,RUNNING,0.0
BTC/USDT,SESSION CLOSED,0.0,0.0,80.0,RUNNING,0.0
BTC/USDT,SESSION CLOSED,0.0,0.0,80.0,RUNNING,0.0
BTC/USDT,SESSION CLOSED,0.0,0.0,80.0,RUNNING,0.0
BTC/USDT,SESSION CLOSED,0.0,0.0,80.0,RUNNING,0.0
BTC/USDT,SESSION CLOSED,0.0,0.0,80.0,RUNNING,0.0
BTC/USDT,SESSION CLOSED,0.0,0.0,80.0,RUNNING,0.0
BTC/USDT,SESSION CLOSED,0.0,0.0,80.0,RUNNING,0.0
BTC/USDT,SESSION CLOSED,0.0,0.0,80.0,RUNNING,0.0
BTC/USDT,SESSION CLOSED,0.0,0.0,80.0,RUNNING,0.0
BTC/USDT,SESSION CLOSED,0.0,0.0,80.0,RUNNING,0.0
BTC/USDT,SESSION CLOSED,0.0,0.0,80.0,RUNNING,0.0
BTC/USDT,SESSION CLOSED,0.0,0.0,80.0,RUNNING,0.0
BTC/USDT,SESSION CLOSED,0.0,0.0,80.0,RUNNING,0.0
BTC/USDT,SESSION CLOSED,0.0,0.0,80.0,RUNNING,0.0
BTC/USDT,SESSION CLOSED,0.0,0.0,80.0,RUNNING,0.0
BTC/USDT,SESSION CLOSED,0.0,0.0,80.0,RUNNING,0.0
BTC/USDT,SESSION CLOSED,0.0,0.0,80.0,RUNNING,0.0
BTC/USDT,SESSION CLOSED,0.0,0.0,80.0,RUNNING,0.0
BTC/USDT,SESSION CLOSED,0.0,0.0,80.0,RUNNING,0.0
BTC/USDT,SESSION CLOSED,0.0,0.0,80.0,RUNNING,0.0
BTC/USDT,SESSION CLOSED,0.0,0.0,80.0,RUNNING,0.0
BTC/USDT,SESSION CLOSED,0.0,0.0,80.0,RUNNING,0.0
BTC/USDT,SESSION CLOSED,0.0,0.0,80.0,RUNNING,0.0
BTC/USDT,SESSION CLOSED,0.0,0.0,80.0,RUNNING,0.0
BTC/USDT,SESSION CLOSED,0.0,0.0,80.0,RUNNING,0.0
BTC/USDT,SESSION CLOSED,0.0,0.0,80.0,RUNNING,0.0
BTC/USDT,SESSION CLOSED,0.0,0.0,100.0,RUNNING,0.0
BTC/USDT,SESSION CLOSED,0.0,0.0,100.0,RUNNING,0.0
BTC/USDT,SESSION CLOSED,0.0,0.0,100.0,RUNNING,0.0
BTC/USDT,SESSION CLOSED,0.0,0.0,100.0,RUNNING,0.0
BTC/USDT,SESSION CLOSED,0.0,0.0,100.0,RUNNING,0.0
BTC/USDT,SESSION CLOSED,0.0,0.0,100.0,RUNNING,0.0
BTC/USDT,SESSION CLOSED,0.0,0.0,100.0,RUNNING,0.0
BTC/USDT,SESSION CLOSED,0.0,0.0,100.0,RUNNING,0.0
BTC/USDT,SESSION CLOSED,0.0,0.0,100.0,RUNNING,0.0
BTC/USDT,SESSION CLOSED,0.0,0.0,100.0,RUNNING,0.0
BTC/USDT,SESSION CLOSED,0.0,0.0,100.0,RUNNING,0.0
BTC/USDT,SESSION CLOSED,0.0,0.0,100.0,RUNNING,0.0
BTC/USDT,SESSION CLOSED,0.0,0.0,100.0,RUNNING,0.0
BTC/USDT,SESSION CLOSED,0.0,0.0,100.0,RUNNING,0.0
BTC/USDT,SESSION CLOSED,0.0,0.0,100.0,RUNNING,0.0
BTC/USDT,SESSION CLOSED,0.0,0.0,100.0,RUNNING,0.0
BTC/USDT,SESSION CLOSED,0.0,0.0,100.0,RUNNING,0.0
BTC/USDT,SESSION CLOSED,0.0,0.0,100.0,RUNNING,0.0
BTC/USDT,SESSION CLOSED,0.0,0.0,100.0,RUNNING,0.0
BTC/USDT,SESSION CLOSED,0.0,0.0,100.0,RUNNING,0.0
BTC/USDT,SESSION CLOSED,0.0,0.0,100.0,RUNNING,0.0
BTC/USDT,SESSION CLOSED,0.0,0.0,100.0,RUNNING,0.0
BTC/USDT,SESSION CLOSED,0.0,0.0,100.0,RUNNING,0.0
ETH/USDT,SESSION CLOSED,0.0,0.0,100.0,RUNNING,0.0
XRP/USDT,SESSION CLOSED,0.0,0.0,80.0,RUNNING,0.0
BTC/USDT,SESSION CLOSED,0.0,0.0,100.0,RUNNING,0.0
BTC/USDT,SESSION CLOSED,0.0,0.0,100.0,RUNNING,0.0
BTC/USDT,SESSION CLOSED,0.0,0.0,100.0,RUNNING,0.0
BTC/USDT,SESSION CLOSED,0.0,0.0,100.0,RUNNING,0.0
BTC/USDT,SESSION CLOSED,0.0,0.0,100.0,RUNNING,0.0
BTC/USDT,SESSION CLOSED,0.0,0.0,100.0,RUNNING,0.0
BTC/USDT,SESSION CLOSED,0.0,0.0,100.0,RUNNING,0.0
BTC/USDT,SESSION CLOSED,0.0,0.0,80.0,RUNNING,0.0
BTC/USDT,SESSION CLOSED,0.0,0.0,80.0,RUNNING,0.0
BTC/USDT,SESSION CLOSED,0.0,0.0,80.0,RUNNING,0.0
BTC/USDT,SESSION CLOSED,0.0,0.0,80.0,RUNNING,0.0
BTC/USDT,SESSION CLOSED,0.0,0.0,80.0,RUNNING,0.0
BTC/USDT,SESSION CLOSED,0.0,0.0,80.0,RUNNING,0.0
BTC/USDT,SESSION CLOSED,0.0,0.0,80.0,RUNNING,0.0
BTC/USDT,SESSION CLOSED,0.0,0.0,80.0,RUNNING,0.0
BTC/USDT,SESSION CLOSED,0.0,0.0,80.0,RUNNING,0.0
BTC/USDT,SESSION CLOSED,0.0,0.0,80.0,RUNNING,0.0
BTC/USDT,SESSION CLOSED,0.0,0.0,80.0,RUNNING,0.0
BTC/USDT,SESSION CLOSED,0.0,0.0,80.0,RUNNING,0.0
BTC/USDT,SESSION CLOSED,0.0,0.0,100.0,RUNNING,0.0
BTC/USDT,SESSION CLOSED,0.0,0.0,100.0,RUNNING,0.0
BTC/USDT,SESSION CLOSED,0.0,0.0,80.0,RUNNING,0.0
BTC/USDT,SESSION CLOSED,0.0,0.0,80.0,RUNNING,0.0
BTC/USDT,SESSION CLOSED,0.0,0.0,80.0,RUNNING,0.0
BTC/USDT,SESSION CLOSED,0.0,0.0,100.0,RUNNING,0.0
BTC/USDT,SESSION CLOSED,0.0,0.0,100.0,RUNNING,0.0
BTC/USDT,SESSION CLOSED,0.0,0.0,80.0,RUNNING,0.0
BTC/USDT,SESSION CLOSED,0.0,0.0,80.0,RUNNING,0.0
BTC/USDT,SESSION CLOSED,0.0,0.0,80.0,RUNNING,0.0
BTC/USDT,SESSION CLOSED,0.0,0.0,80.0,RUNNING,0.0
BTC/USDT,SESSION CLOSED,0.0,0.0,80.0,RUNNING,0.0
BTC/USDT,SESSION CLOSED,0.0,0.0,80.0,RUNNING,0.0
BTC/USDT,SESSION CLOSED,0.0,0.0,80.0,RUNNING,0.0
BTC/USDT,SESSION CLOSED,0.0,0.0,80.0,RUNNING,0.0
BTC/USDT,SESSION CLOSED,0.0,0.0,80.0,RUNNING,0.0
BTC/USDT,SESSION CLOSED,0.0,0.0,80.0,RUNNING,0.0
BTC/USDT,SESSION CLOSED,0.0,0.0,80.0,RUNNING,0.0
BTC/USDT,SESSION CLOSED,0.0,0.0,80.0,RUNNING,0.0
BTC/USDT,SESSION CLOSED,0.0,0.0,80.0,RUNNING,0.0
BTC/USDT,SESSION CLOSED,0.0,0.0,80.0,RUNNING,0.0
BTC/USDT,SESSION CLOSED,0.0,0.0,80.0,RUNNING,0.0
BTC/USDT,SESSION CLOSED,0.0,0.0,80.0,RUNNING,0.0
BTC/USDT,SESSION CLOSED,0.0,0.0,80.0,RUNNING,0.0
BTC/USDT,SESSION CLOSED,0.0,0.0,80.0,RUNNING,0.0
BTC/USDT,SESSION CLOSED,0.0,0.0,80.0,RUNNING,0.0
BTC/USDT,SESSION CLOSED,0.0,0.0,80.0,RUNNING,0.0
BTC/USDT,SESSION CLOSED,0.0,0.0,80.0,RUNNING,0.0
BTC/USDT,SESSION CLOSED,0.0,0.0,80.0,RUNNING,0.0
BTC/USDT,SESSION CLOSED,0.0,0.0,80.0,RUNNING,0.0
BTC/USDT,SESSION CLOSED,0.0,0.0,80.0,RUNNING,0.0
BTC/USDT,SESSION CLOSED,0.0,0.0,80.0,RUNNING,0.0
BTC/USDT,SESSION CLOSED,0.0,0.0,80.0,RUNNING,0.0
BTC/USDT,SESSION CLOSED,0.0,0.0,80.0,RUNNING,0.0
BTC/USDT,SESSION CLOSED,0.0,0.0,80.0,RUNNING,0.0
BTC/USDT,SESSION CLOSED,0.0,0.0,80.0,RUNNING,0.0
BTC/USDT,SESSION CLOSED,0.0,0.0,80.0,RUNNING,0.0
BTC/USDT,SESSION CLOSED,0.0,0.0,80.0,RUNNING,0.0
BTC/USDT,SESSION CLOSED,0.0,0.0,80.0,RUNNING,0.0
BTC/USDT,SESSION CLOSED,0.0,0.0,80.0,RUNNING,0.0
BTC/USDT,SESSION CLOSED,0.0,0.0,80.0,RUNNING,0.0
BTC/USDT,SESSION CLOSED,0.0,0.0,80.0,RUNNING,0.0
BTC/USDT,SESSION CLOSED,0.0,0.0,80.0,RUNNING,0.0
BTC/USDT,SESSION CLOSED,0.0,0.0,80.0,RUNNING,0.0
BTC/USDT,SESSION CLOSED,0.0,0.0,80.0,RUNNING,0.0
BTC/USDT,SESSION CLOSED,0.0,0.0,80.0,RUNNING,0.0
BTC/USDT,SESSION CLOSED,0.0,0.0,80.0,RUNNING,0.0
BTC/USDT,SESSION CLOSED,0.0,0.0,80.0,RUNNING,0.0
BTC/USDT,SESSION CLOSED,0.0,0.0,80.0,RUNNING,0.0
BTC/USDT,SESSION CLOSED,0.0,0.0,80.0,RUNNING,0.0
BTC/USDT,SESSION CLOSED,0.0,0.0,80.0,RUNNING,0.0
BTC/USDT,SESSION CLOSED,0.0,0.0,80.0,RUNNING,0.0
BTC/USDT,SESSION CLOSED,0.0,0.0,100.0,RUNNING,0.0
BTC/USDT,SESSION CLOSED,0.0,0.0,100.0,RUNNING,0.0
BTC/USDT,SESSION CLOSED,0.0,0.0,100.0,RUNNING,0.0
BTC/USDT,SESSION CLOSED,0.0,0.0,100.0,RUNNING,0.0
BTC/USDT,SESSION CLOSED,0.0,0.0,100.0,RUNNING,0.0
BTC/USDT,SESSION CLOSED,0.0,0.0,100.0,RUNNING,0.0
BTC/USDT,SESSION CLOSED,0.0,0.0,100.0,RUNNING,0.0
BTC/USDT,SESSION CLOSED,0.0,0.0,100.0,RUNNING,0.0
BTC/USDT,SESSION CLOSED,0.0,0.0,100.0,RUNNING,0.0
BTC/USDT,SESSION CLOSED,0.0,0.0,100.0,RUNNING,0.0
BTC/USDT,SESSION CLOSED,0.0,0.0,100.0,RUNNING,0.0
BTC/USDT,SESSION CLOSED,0.0,0.0,100.0,RUNNING,0.0
BTC/USDT,SESSION CLOSED,0.0,0.0,100.0,RUNNING,0.0
BTC/USDT,SESSION CLOSED,0.0,0.0,100.0,RUNNING,0.0
BTC/USDT,SESSION CLOSED,0.0,0.0,100.0,RUNNING,0.0
BTC/USDT,SESSION CLOSED,0.0,0.0,100.0,RUNNING,0.0
BTC/USDT,SESSION CLOSED,0.0,0.0,100.0,RUNNING,0.0
BTC/USDT,SESSION CLOSED,0.0,0.0,100.0,RUNNING,0.0
BTC/USDT,SESSION CLOSED,0.0,0.0,100.0,RUNNING,0.0
BTC/USDT,SESSION CLOSED,0.0,0.0,100.0,RUNNING,0.0
BTC/USDT,SESSION CLOSED,0.0,0.0,100.0,RUNNING,0.0
BTC/USDT,SESSION CLOSED,0.0,0.0,100.0,RUNNING,0.0
BTC/USDT,SESSION CLOSED,0.0,0.0,100.0,RUNNING,0.0
BTC/USDT,SESSION CLOSED,0.0,0.0,100.0,RUNNING,0.0
BTC/USDT,SESSION CLOSED,0.0,0.0,100.0,RUNNING,0.0
BTC/USDT,SESSION CLOSED,0.0,0.0,80.0,RUNNING,0.0
BTC/USDT,SESSION CLOSED,0.0,0.0,80.0,RUNNING,0.0
BTC/USDT,SESSION CLOSED,0.0,0.0,80.0,RUNNING,0.0
BTC/USDT,SESSION CLOSED,0.0,0.0,80.0,RUNNING,0.0
BTC/USDT,SESSION CLOSED,0.0,0.0,80.0,RUNNING,0.0
ETH/USDT,SESSION CLOSED,0.0,0.0,80.0,RUNNING,0.0
ETH/USDT,SESSION CLOSED,0.0,0.0,80.0,RUNNING,0.0
ETH/USDT,SESSION CLOSED,0.0,0.0,80.0,RUNNING,0.0
ETH/USDT,SESSION CLOSED,0.0,0.0,80.0,RUNNING,0.0
ETH/USDT,SESSION CLOSED,0.0,0.0,80.0,RUNNING,0.0
ETH/USDT,SESSION CLOSED,0.0,0.0,80.0,RUNNING,0.0
ETH/USDT,SESSION CLOSED,0.0,0.0,80.0,RUNNING,0.0
ETH/USDT,SESSION CLOSED,0.0,0.0,80.0,RUNNING,0.0
ETH/USDT,SESSION CLOSED,0.0,0.0,80.0,RUNNING,0.0
ETH/USDT,SESSION CLOSED,0.0,0.0,80.0,RUNNING,0.0
ETH/USDT,SESSION CLOSED,0.0,0.0,80.0,RUNNING,0.0
ETH/USDT,SESSION CLOSED,0.0,0.0,80.0,RUNNING,0.0
ETH/USDT,SESSION CLOSED,0.0,0.0,100.0,RUNNING,0.0
ETH/USDT,SESSION CLOSED,0.0,0.0,100.0,RUNNING,0.0
BTC/USDT,SESSION CLOSED,0.0,0.0,100.0,RUNNING,0.0
BTC/USDT,SESSION CLOSED,0.0,0.0,100.0,RUNNING,0.0
BTC/USDT,SESSION CLOSED,0.0,0.0,100.0,RUNNING,0.0
BTC/USDT,SESSION CLOSED,0.0,0.0,100.0,RUNNING,0.0
BTC/USDT,SESSION CLOSED,0.0,0.0,100.0,RUNNING,0.0
BTC/USDT,SESSION CLOSED,0.0,0.0,100.0,RUNNING,0.0
BTC/USDT,NO ENTRY,0.0,0.0,100.0,RUNNING,0.0
BTC/USDT,NO ENTRY,0.0,0.0,100.0,RUNNING,0.0
BTC/USDT,NO ENTRY,0.0,0.0,100.0,RUNNING,0.0
BTC/USDT,NO ENTRY,0.0,0.0,100.0,RUNNING,0.0
ETH/USDT,NO ENTRY,0.0,0.0,100.0,RUNNING,0.0
ETH/USDT,NO ENTRY,0.0,0.0,100.0,RUNNING,0.0
ETH/USDT,NO ENTRY,0.0,0.0,100.0,RUNNING,0.0
ETH/USDT,NO ENTRY,0.0,0.0,100.0,RUNNING,0.0
ETH/USDT,NO ENTRY,0.0,0.0,100.0,RUNNING,0.0
ETH/USDT,NO ENTRY,0.0,0.0,100.0,RUNNING,0.0
ETH/USDT,NO ENTRY,0.0,0.0,100.0,RUNNING,0.0
ETH/USDT,NO ENTRY,0.0,0.0,100.0,RUNNING,0.0
ETH/USDT,NO ENTRY,0.0,0.0,100.0,RUNNING,0.0
ETH/USDT,NO ENTRY,0.0,0.0,100.0,RUNNING,0.0
ETH/USDT,NO ENTRY,0.0,0.0,100.0,RUNNING,0.0
ETH/USDT,NO ENTRY,0.0,0.0,100.0,RUNNING,0.0
ETH/USDT,NO ENTRY,0.0,0.0,100.0,RUNNING,0.0
ETH/USDT,NO ENTRY,0.0,0.0,100.0,RUNNING,0.0
ETH/USDT,NO ENTRY,0.0,0.0,100.0,RUNNING,0.0
ETH/USDT,NO ENTRY,0.0,0.0,100.0,RUNNING,0.0
ETH/USDT,NO ENTRY,0.0,0.0,80.0,RUNNING,0.0
ETH/USDT,NO ENTRY,0.0,0.0,80.0,RUNNING,0.0
ETH/USDT,NO ENTRY,0.0,0.0,80.0,RUNNING,0.0
ETH/USDT,NO ENTRY,0.0,0.0,80.0,RUNNING,0.0
ETH/USDT,NO ENTRY,0.0,0.0,80.0,RUNNING,0.0
ETH/USDT,NO ENTRY,0.0,0.0,100.0,RUNNING,0.0
ETH/USDT,NO ENTRY,0.0,0.0,80.0,RUNNING,0.0
ETH/USDT,NO ENTRY,0.0,0.0,100.0,RUNNING,0.0
ETH/USDT,NO ENTRY,0.0,0.0,100.0,RUNNING,0.0
ETH/USDT,NO ENTRY,0.0,0.0,100.0,RUNNING,0.0
ETH/USDT,NO ENTRY,0.0,0.0,100.0,RUNNING,0.0
ETH/USDT,NO ENTRY,0.0,0.0,100.0,RUNNING,0.0
ETH/USDT,NO ENTRY,0.0,0.0,100.0,RUNNING,0.0
ETH/USDT,NO ENTRY,0.0,0.0,100.0,RUNNING,0.0
ETH/USDT,NO ENTRY,0.0,0.0,100.0,RUNNING,0.0
ETH/USDT,NO ENTRY,0.0,0.0,100.0,RUNNING,0.0
ETH/USDT,NO ENTRY,0.0,0.0,100.0,RUNNING,0.0
ETH/USDT,NO ENTRY,0.0,0.0,100.0,RUNNING,0.0
ETH/USDT,NO ENTRY,0.0,0.0,100.0,RUNNING,0.0
ETH/USDT,NO ENTRY,0.0,0.0,100.0,RUNNING,0.0
ETH/USDT,NO ENTRY,0.0,0.0,100.0,RUNNING,0.0
ETH/USDT,NO ENTRY,0.0,0.0,100.0,RUNNING,0.0
ETH/USDT,NO ENTRY,0.0,0.0,100.0,RUNNING,0.0
ETH/USDT,NO ENTRY,0.0,0.0,100.0,RUNNING,0.0
ETH/USDT,NO ENTRY,0.0,0.0,100.0,RUNNING,0.0
BTC/USDT,NO ENTRY,0.0,0.0,80.0,RUNNING,0.0
BTC/USDT,NO ENTRY,0.0,0.0,80.0,RUNNING,0.0
BTC/USDT,NO ENTRY,0.0,0.0,80.0,RUNNING,0.0
ETH/USDT,NO ENTRY,0.0,0.0,100.0,RUNNING,0.0
ETH/USDT,NO ENTRY,0.0,0.0,100.0,RUNNING,0.0
ETH/USDT,NO ENTRY,0.0,0.0,100.0,RUNNING,0.0
ETH/USDT,NO ENTRY,0.0,0.0,100.0,RUNNING,0.0
ETH/USDT,NO ENTRY,0.0,0.0,100.0,RUNNING,0.0
ETH/USDT,NO ENTRY,0.0,0.0,100.0,RUNNING,0.0
ETH/USDT,NO ENTRY,0.0,0.0,80.0,RUNNING,0.0
ETH/USDT,NO ENTRY,0.0,0.0,80.0,RUNNING,0.0
ETH/USDT,NO ENTRY,0.0,0.0,80.0,RUNNING,0.0
ETH/USDT,NO ENTRY,0.0,0.0,80.0,RUNNING,0.0
ETH/USDT,NO ENTRY,0.0,0.0,80.0,RUNNING,0.0
ETH/USDT,NO ENTRY,0.0,0.0,80.0,RUNNING,0.0
ETH/USDT,NO ENTRY,0.0,0.0,80.0,RUNNING,0.0
ETH/USDT,NO ENTRY,0.0,0.0,80.0,RUNNING,0.0
ETH/USDT,NO ENTRY,0.0,0.0,80.0,RUNNING,0.0
ETH/USDT,NO ENTRY,0.0,0.0,80.0,RUNNING,0.0
ETH/USDT,NO ENTRY,0.0,0.0,80.0,RUNNING,0.0
ETH/USDT,NO ENTRY,0.0,0.0,80.0,RUNNING,0.0
ETH/USDT,NO ENTRY,0.0,0.0,80.0,RUNNING,0.0
ETH/USDT,NO ENTRY,0.0,0.0,80.0,RUNNING,0.0
ETH/USDT,NO ENTRY,0.0,0.0,80.0,RUNNING,0.0
ETH/USDT,NO ENTRY,0.0,0.0,80.0,RUNNING,0.0
ETH/USDT,NO ENTRY,0.0,0.0,80.0,RUNNING,0.0
ETH/USDT,NO ENTRY,0.0,0.0,80.0,RUNNING,0.0
ETH/USDT,NO ENTRY,0.0,0.0,80.0,RUNNING,0.0
ETH/USDT,NO ENTRY,0.0,0.0,100.0,RUNNING,0.0
ETH/USDT,NO ENTRY,0.0,0.0,100.0,RUNNING,0.0
ETH/USDT,NO ENTRY,0.0,0.0,100.0,RUNNING,0.0
ETH/USDT,NO ENTRY,0.0,0.0,100.0,RUNNING,0.0
ETH/USDT,NO ENTRY,0.0,0.0,100.0,RUNNING,0.0
ETH/USDT,NO ENTRY,0.0,0.0,100.0,RUNNING,0.0
ETH/USDT,NO ENTRY,0.0,0.0,100.0,RUNNING,0.0
ETH/USDT,NO ENTRY,0.0,0.0,100.0,RUNNING,0.0
ETH/USDT,NO ENTRY,0.0,0.0,100.0,RUNNING,0.0
ETH/USDT,NO ENTRY,0.0,0.0,100.0,RUNNING,0.0
ETH/USDT,NO ENTRY,0.0,0.0,100.0,RUNNING,0.0
ETH/USDT,NO ENTRY,0.0,0.0,100.0,RUNNING,0.0
ETH/USDT,NO ENTRY,0.0,0.0,100.0,RUNNING,0.0
ETH/USDT,NO ENTRY,0.0,0.0,100.0,RUNNING,0.0
ETH/USDT,NO ENTRY,0.0,0.0,100.0,RUNNING,0.0
ETH/USDT,NO ENTRY,0.0,0.0,100.0,RUNNING,0.0
ETH/USDT,NO ENTRY,0.0,0.0,80.0,RUNNING,0.0
ETH/USDT,NO ENTRY,0.0,0.0,80.0,RUNNING,0.0
ETH/USDT,NO ENTRY,0.0,0.0,80.0,RUNNING,0.0
ETH/USDT,NO ENTRY,0.0,0.0,80.0,RUNNING,0.0
ETH/USDT,NO ENTRY,0.0,0.0,80.0,RUNNING,0.0
ETH/USDT,NO ENTRY,0.0,0.0,80.0,RUNNING,0.0
ETH/USDT,NO ENTRY,0.0,0.0,80.0,RUNNING,0.0
ETH/USDT,NO ENTRY,0.0,0.0,100.0,RUNNING,0.0
ETH/USDT,NO ENTRY,0.0,0.0,100.0,RUNNING,0.0
ETH/USDT,NO ENTRY,0.0,0.0,100.0,RUNNING,0.0
ETH/USDT,NO ENTRY,0.0,0.0,100.0,RUNNING,0.0
ETH/USDT,NO ENTRY,0.0,0.0,100.0,RUNNING,0.0
ETH/USDT,NO ENTRY,0.0,0.0,100.0,RUNNING,0.0
ETH/USDT,NO ENTRY,0.0,0.0,100.0,RUNNING,0.0
ETH/USDT,NO ENTRY,0.0,0.0,100.0,RUNNING,0.0
ETH/USDT,NO ENTRY,0.0,0.0,100.0,RUNNING,0.0
ETH/USDT,NO ENTRY,0.0,0.0,100.0,RUNNING,0.0
ETH/USDT,NO ENTRY,0.0,0.0,100.0,RUNNING,0.0
ETH/USDT,NO ENTRY,0.0,0.0,100.0,RUNNING,0.0
ETH/USDT,NO ENTRY,0.0,0.0,100.0,RUNNING,0.0
ETH/USDT,NO ENTRY,0.0,0.0,100.0,RUNNING,0.0
ETH/USDT,NO ENTRY,0.0,0.0,100.0,RUNNING,0.0
ETH/USDT,NO ENTRY,0.0,0.0,100.0,RUNNING,0.0
ETH/USDT,NO ENTRY,0.0,0.0,100.0,RUNNING,0.0
ETH/USDT,NO ENTRY,0.0,0.0,80.0,RUNNING,0.0
ETH/USDT,NO ENTRY,0.0,0.0,80.0,RUNNING,0.0
ETH/USDT,NO ENTRY,0.0,0.0,80.0,RUNNING,0.0
ETH/USDT,NO ENTRY,0.0,0.0,80.0,RUNNING,0.0
ETH/USDT,NO ENTRY,0.0,0.0,80.0,RUNNING,0.0
ETH/USDT,NO ENTRY,0.0,0.0,80.0,RUNNING,0.0
ETH/USDT,NO ENTRY,0.0,0.0,80.0,RUNNING,0.0
ETH/USDT,NO ENTRY,0.0,0.0,80.0,RUNNING,0.0
ETH/USDT,NO ENTRY,0.0,0.0,80.0,RUNNING,0.0
ETH/USDT,NO ENTRY,0.0,0.0,80.0,RUNNING,0.0
ETH/USDT,NO ENTRY,0.0,0.0,80.0,RUNNING,0.0
ETH/USDT,NO ENTRY,0.0,0.0,80.0,RUNNING,0.0
ETH/USDT,NO ENTRY,0.0,0.0,80.0,RUNNING,0.0
ETH/USDT,NO ENTRY,0.0,0.0,80.0,RUNNING,0.0
ETH/USDT,NO ENTRY,0.0,0.0,80.0,RUNNING,0.0
ETH/USDT,NO ENTRY,0.0,0.0,80.0,RUNNING,0.0
ETH/USDT,NO ENTRY,0.0,0.0,80.0,RUNNING,0.0
ETH/USDT,NO ENTRY,0.0,0.0,80.0,RUNNING,0.0
ETH/USDT,NO ENTRY,0.0,0.0,80.0,RUNNING,0.0
ETH/USDT,NO ENTRY,0.0,0.0,80.0,RUNNING,0.0
ETH/USDT,NO ENTRY,0.0,0.0,80.0,RUNNING,0.0
ETH/USDT,NO ENTRY,0.0,0.0,80.0,RUNNING,0.0
ETH/USDT,NO ENTRY,0.0,0.0,80.0,RUNNING,0.0
ETH/USDT,NO ENTRY,0.0,0.0,80.0,RUNNING,0.0
ETH/USDT,NO ENTRY,0.0,0.0,80.0,RUNNING,0.0
ETH/USDT,NO ENTRY,0.0,0.0,80.0,RUNNING,0.0
ETH/USDT,NO ENTRY,0.0,0.0,80.0,RUNNING,0.0
BTC/USDT,NO ENTRY,0.0,0.0,80.0,RUNNING,0.0
BTC/USDT,NO ENTRY,0.0,0.0,80.0,RUNNING,0.0
BTC/USDT,NO ENTRY,0.0,0.0,80.0,RUNNING,0.0
BTC/USDT,NO ENTRY,0.0,0.0,80.0,RUNNING,0.0
BTC/USDT,NO ENTRY,0.0,0.0,80.0,RUNNING,0.0
BTC/USDT,NO ENTRY,0.0,0.0,80.0,RUNNING,0.0
BTC/USDT,NO ENTRY,0.0,0.0,100.0,RUNNING,0.0
BTC/USDT,NO ENTRY,0.0,0.0,100.0,RUNNING,0.0
BTC/USDT,NO ENTRY,0.0,0.0,100.0,RUNNING,0.0
BTC/USDT,NO ENTRY,0.0,0.0,100.0,RUNNING,0.0
BTC/USDT,NO ENTRY,0.0,0.0,100.0,RUNNING,0.0
BTC/USDT,NO ENTRY,0.0,0.0,80.0,RUNNING,0.0
BTC/USDT,NO ENTRY,0.0,0.0,80.0,RUNNING,0.0
BTC/USDT,NO ENTRY,0.0,0.0,80.0,RUNNING,0.0
BTC/USDT,NO ENTRY,0.0,0.0,80.0,RUNNING,0.0
BTC/USDT,NO ENTRY,0.0,0.0,80.0,RUNNING,0.0
BTC/USDT,NO ENTRY,0.0,0.0,80.0,RUNNING,0.0
BTC/USDT,NO ENTRY,0.0,0.0,80.0,RUNNING,0.0
BTC/USDT,NO ENTRY,0.0,0.0,80.0,RUNNING,0.0
BTC/USDT,NO ENTRY,0.0,0.0,80.0,RUNNING,0.0
BTC/USDT,NO ENTRY,0.0,0.0,80.0,RUNNING,0.0
BTC/USDT,NO ENTRY,0.0,0.0,80.0,RUNNING,0.0
BTC/USDT,NO ENTRY,0.0,0.0,80.0,RUNNING,0.0
BTC/USDT,NO ENTRY,0.0,0.0,80.0,RUNNING,0.0
BTC/USDT,NO ENTRY,0.0,0.0,100.0,RUNNING,0.0
BTC/USDT,NO ENTRY,0.0,0.0,100.0,RUNNING,0.0
BTC/USDT,NO ENTRY,0.0,0.0,100.0,RUNNING,0.0
BTC/USDT,NO ENTRY,0.0,0.0,100.0,RUNNING,0.0
BTC/USDT,NO ENTRY,0.0,0.0,100.0,RUNNING,0.0
BTC/USDT,NO ENTRY,0.0,0.0,80.0,RUNNING,0.0
BTC/USDT,NO ENTRY,0.0,0.0,80.0,RUNNING,0.0
BTC/USDT,NO ENTRY,0.0,0.0,100.0,RUNNING,0.0
BTC/USDT,NO ENTRY,0.0,0.0,100.0,RUNNING,0.0
ETH/USDT,NO ENTRY,0.0,0.0,100.0,RUNNING,0.0
ETH/USDT,NO ENTRY,0.0,0.0,100.0,RUNNING,0.0
ETH/USDT,NO ENTRY,0.0,0.0,100.0,RUNNING,0.0
ETH/USDT,NO ENTRY,0.0,0.0,100.0,RUNNING,0.0
ETH/USDT,NO ENTRY,0.0,0.0,100.0,RUNNING,0.0
ETH/USDT,NO ENTRY,0.0,0.0,100.0,RUNNING,0.0
ETH/USDT,NO ENTRY,0.0,0.0,100.0,RUNNING,0.0
ETH/USDT,NO ENTRY,0.0,0.0,100.0,RUNNING,0.0
ETH/USDT,NO ENTRY,0.0,0.0,100.0,RUNNING,0.0
ETH/USDT,NO ENTRY,0.0,0.0,80.0,RUNNING,0.0
ETH/USDT,NO ENTRY,0.0,0.0,80.0,RUNNING,0.0
ETH/USDT,NO ENTRY,0.0,0.0,80.0,RUNNING,0.0
ETH/USDT,NO ENTRY,0.0,0.0,80.0,RUNNING,0.0
ETH/USDT,NO ENTRY,0.0,0.0,80.0,RUNNING,0.0
ETH/USDT,NO ENTRY,0.0,0.0,80.0,RUNNING,0.0
ETH/USDT,NO ENTRY,0.0,0.0,80.0,RUNNING,0.0
ETH/USDT,NO ENTRY,0.0,0.0,80.0,RUNNING,0.0
ETH/USDT,NO ENTRY,0.0,0.0,80.0,RUNNING,0.0
ETH/USDT,NO ENTRY,0.0,0.0,80.0,RUNNING,0.0
ETH/USDT,NO ENTRY,0.0,0.0,80.0,RUNNING,0.0
ETH/USDT,NO ENTRY,0.0,0.0,80.0,RUNNING,0.0
ETH/USDT,NO ENTRY,0.0,0.0,100.0,RUNNING,0.0
ETH/USDT,NO ENTRY,0.0,0.0,100.0,RUNNING,0.0
ETH/USDT,NO ENTRY,0.0,0.0,100.0,RUNNING,0.0
ETH/USDT,NO ENTRY,0.0,0.0,100.0,RUNNING,0.0
ETH/USDT,NO ENTRY,0.0,0.0,100.0,RUNNING,0.0
ETH/USDT,NO ENTRY,0.0,0.0,100.0,RUNNING,0.0
ETH/USDT,NO ENTRY,0.0,0.0,100.0,RUNNING,0.0
ETH/USDT,NO ENTRY,0.0,0.0,100.0,RUNNING,0.0
ETH/USDT,NO ENTRY,0.0,0.0,100.0,RUNNING,0.0
ETH/USDT,NO ENTRY,0.0,0.0,100.0,RUNNING,0.0
ETH/USDT,NO ENTRY,0.0,0.0,100.0,RUNNING,0.0
ETH/USDT,NO ENTRY,0.0,0.0,100.0,RUNNING,0.0
ETH/USDT,NO ENTRY,0.0,0.0,80.0,RUNNING,0.0
ETH/USDT,NO ENTRY,0.0,0.0,80.0,RUNNING,0.0
ETH/USDT,NO ENTRY,0.0,0.0,80.0,RUNNING,0.0
ETH/USDT,NO ENTRY,0.0,0.0,80.0,RUNNING,0.0
ETH/USDT,NO ENTRY,0.0,0.0,80.0,RUNNING,0.0
ETH/USDT,NO ENTRY,0.0,0.0,80.0,RUNNING,0.0
ETH/USDT,NO ENTRY,0.0,0.0,80.0,RUNNING,0.0
ETH/USDT,NO ENTRY,0.0,0.0,80.0,RUNNING,0.0
ETH/USDT,NO ENTRY,0.0,0.0,80.0,RUNNING,0.0
ETH/USDT,NO ENTRY,0.0,0.0,80.0,RUNNING,0.0
ETH/USDT,NO ENTRY,0.0,0.0,80.0,RUNNING,0.0
ETH/USDT,NO ENTRY,0.0,0.0,80.0,RUNNING,0.0
ETH/USDT,NO ENTRY,0.0,0.0,80.0,RUNNING,0.0
ETH/USDT,NO ENTRY,0.0,0.0,80.0,RUNNING,0.0
ETH/USDT,NO ENTRY,0.0,0.0,80.0,RUNNING,0.0
ETH/USDT,NO ENTRY,0.0,0.0,80.0,RUNNING,0.0
ETH/USDT,NO ENTRY,0.0,0.0,80.0,RUNNING,0.0
ETH/USDT,NO ENTRY,0.0,0.0,80.0,RUNNING,0.0
ETH/USDT,NO ENTRY,0.0,0.0,80.0,RUNNING,0.0
ETH/USDT,NO ENTRY,0.0,0.0,80.0,RUNNING,0.0
ETH/USDT,NO ENTRY,0.0,0.0,100.0,RUNNING,0.0
ETH/USDT,NO ENTRY,0.0,0.0,100.0,RUNNING,0.0
ETH/USDT,NO ENTRY,0.0,0.0,100.0,RUNNING,0.0
ETH/USDT,NO ENTRY,0.0,0.0,100.0,RUNNING,0.0
ETH/USDT,NO ENTRY,0.0,0.0,100.0,RUNNING,0.0
ETH/USDT,NO ENTRY,0.0,0.0,100.0,RUNNING,0.0
ETH/USDT,NO ENTRY,0.0,0.0,100.0,RUNNING,0.0
ETH/USDT,NO ENTRY,0.0,0.0,100.0,RUNNING,0.0
ETH/USDT,NO ENTRY,0.0,0.0,100.0,RUNNING,0.0
ETH/USDT,NO ENTRY,0.0,0.0,100.0,RUNNING,0.0
ETH/USDT,NO ENTRY,0.0,0.0,100.0,RUNNING,0.0
ETH/USDT,NO ENTRY,0.0,0.0,100.0,RUNNING,0.0
ETH/USDT,NO ENTRY,0.0,0.0,80.0,RUNNING,0.0
ETH/USDT,NO ENTRY,0.0,0.0,80.0,RUNNING,0.0
ETH/USDT,NO ENTRY,0.0,0.0,80.0,RUNNING,0.0
ETH/USDT,NO ENTRY,0.0,0.0,80.0,RUNNING,0.0
ETH/USDT,NO ENTRY,0.0,0.0,80.0,RUNNING,0.0
ETH/USDT,NO ENTRY,0.0,0.0,80.0,RUNNING,0.0
ETH/USDT,NO ENTRY,0.0,0.0,80.0,RUNNING,0.0
ETH/USDT,NO ENTRY,0.0,0.0,80.0,RUNNING,0.0
ETH/USDT,NO ENTRY,0.0,0.0,80.0,RUNNING,0.0
ETH/USDT,NO ENTRY,0.0,0.0,80.0,RUNNING,0.0
ETH/USDT,NO ENTRY,0.0,0.0,80.0,RUNNING,0.0
ETH/USDT,NO ENTRY,0.0,0.0,80.0,RUNNING,0.0
ETH/USDT,NO ENTRY,0.0,0.0,80.0,RUNNING,0.0
ETH/USDT,NO ENTRY,0.0,0.0,80.0,RUNNING,0.0
ETH/USDT,NO ENTRY,0.0,0.0,80.0,RUNNING,0.0
ETH/USDT,NO ENTRY,0.0,0.0,80.0,RUNNING,0.0
ETH/USDT,NO ENTRY,0.0,0.0,80.0,RUNNING,0.0
ETH/USDT,NO ENTRY,0.0,0.0,80.0,RUNNING,0.0
ETH/USDT,NO ENTRY,0.0,0.0,80.0,RUNNING,0.0
ETH/USDT,NO ENTRY,0.0,0.0,80.0,RUNNING,0.0
ETH/USDT,NO ENTRY,0.0,0.0,80.0,RUNNING,0.0
ETH/USDT,NO ENTRY,0.0,0.0,80.0,RUNNING,0.0
ETH/USDT,NO ENTRY,0.0,0.0,80.0,RUNNING,0.0
ETH/USDT,NO ENTRY,0.0,0.0,80.0,RUNNING,0.0
ETH/USDT,NO ENTRY,0.0,0.0,80.0,RUNNING,0.0
ETH/USDT,NO ENTRY,0.0,0.0,80.0,RUNNING,0.0
ETH/USDT,NO ENTRY,0.0,0.0,80.0,RUNNING,0.0
ETH/USDT,NO ENTRY,0.0,0.0,80.0,RUNNING,0.0
ETH/USDT,NO ENTRY,0.0,0.0,100.0,RUNNING,0.0
ETH/USDT,NO ENTRY,0.0,0.0,100.0,RUNNING,0.0
ETH/USDT,NO ENTRY,0.0,0.0,100.0,RUNNING,0.0
ETH/USDT,NO ENTRY,0.0,0.0,100.0,RUNNING,0.0
ETH/USDT,NO ENTRY,0.0,0.0,100.0,RUNNING,0.0
ETH/USDT,NO ENTRY,0.0,0.0,100.0,RUNNING,0.0
ETH/USDT,NO ENTRY,0.0,0.0,80.0,RUNNING,0.0
ETH/USDT,NO ENTRY,0.0,0.0,80.0,RUNNING,0.0
ETH/USDT,NO ENTRY,0.0,0.0,100.0,RUNNING,0.0
ETH/USDT,NO ENTRY,0.0,0.0,80.0,RUNNING,0.0
ETH/USDT,NO ENTRY,0.0,0.0,80.0,RUNNING,0.0
ETH/USDT,NO ENTRY,0.0,0.0,100.0,RUNNING,0.0
ETH/USDT,BUY,2112.01,2147.01,100.0,RUNNING,0.0
ETH/USDT,NO ENTRY,0.0,0.0,100.0,RUNNING,0.0
ETH/USDT,NO ENTRY,0.0,0.0,100.0,RUNNING,0.0
ETH/USDT,NO ENTRY,0.0,0.0,80.0,RUNNING,0.0
ETH/USDT,NO ENTRY,0.0,0.0,80.0,RUNNING,0.0
ETH/USDT,NO ENTRY,0.0,0.0,80.0,RUNNING,0.0
ETH/USDT,NO ENTRY,0.0,0.0,80.0,RUNNING,0.0
ETH/USDT,NO ENTRY,0.0,0.0,80.0,RUNNING,0.0
ETH/USDT,NO ENTRY,0.0,0.0,80.0,RUNNING,0.0
ETH/USDT,NO ENTRY,0.0,0.0,80.0,RUNNING,0.0
ETH/USDT,NO ENTRY,0.0,0.0,80.0,RUNNING,0.0
ETH/USDT,NO ENTRY,0.0,0.0,80.0,RUNNING,0.0
ETH/USDT,NO ENTRY,0.0,0.0,80.0,RUNNING,0.0
ETH/USDT,NO ENTRY,0.0,0.0,80.0,RUNNING,0.0
ETH/USDT,NO ENTRY,0.0,0.0,80.0,RUNNING,0.0
ETH/USDT,NO ENTRY,0.0,0.0,80.0,RUNNING,0.0
ETH/USDT,NO ENTRY,0.0,0.0,80.0,RUNNING,0.0
ETH/USDT,NO ENTRY,0.0,0.0,80.0,RUNNING,0.0
ETH/USDT,NO ENTRY,0.0,0.0,80.0,RUNNING,0.0
ETH/USDT,NO ENTRY,0.0,0.0,80.0,RUNNING,0.0
ETH/USDT,NO ENTRY,0.0,0.0,80.0,RUNNING,0.0
ETH/USDT,NO ENTRY,0.0,0.0,80.0,RUNNING,0.0
ETH/USDT,NO ENTRY,0.0,0.0,80.0,RUNNING,0.0
ETH/USDT,NO ENTRY,0.0,0.0,80.0,RUNNING,0.0
ETH/USDT,NO ENTRY,0.0,0.0,80.0,RUNNING,0.0
ETH/USDT,NO ENTRY,0.0,0.0,80.0,RUNNING,0.0
ETH/USDT,NO ENTRY,0.0,0.0,80.0,RUNNING,0.0
ETH/USDT,NO ENTRY,0.0,0.0,80.0,RUNNING,0.0
ETH/USDT,NO ENTRY,0.0,0.0,80.0,RUNNING,0.0
ETH/USDT,NO ENTRY,0.0,0.0,80.0,RUNNING,0.0
ETH/USDT,NO ENTRY,0.0,0.0,80.0,RUNNING,0.0
ETH/USDT,NO ENTRY,0.0,0.0,80.0,RUNNING,0.0
ETH/USDT,NO ENTRY,0.0,0.0,80.0,RUNNING,0.0
ETH/USDT,NO ENTRY,0.0,0.0,80.0,RUNNING,0.0
ETH/USDT,NO ENTRY,0.0,0.0,80.0,RUNNING,0.0
ETH/USDT,NO ENTRY,0.0,0.0,80.0,RUNNING,0.0
ETH/USDT,NO ENTRY,0.0,0.0,80.0,RUNNING,0.0
ETH/USDT,NO ENTRY,0.0,0.0,80.0,RUNNING,0.0
ETH/USDT,NO ENTRY,0.0,0.0,80.0,RUNNING,0.0
ETH/USDT,NO ENTRY,0.0,0.0,80.0,RUNNING,0.0
ETH/USDT,NO ENTRY,0.0,0.0,80.0,RUNNING,0.0
ETH/USDT,NO ENTRY,0.0,0.0,80.0,RUNNING,0.0
ETH/USDT,BUY,2112.73,2147.73,80.0,RUNNING,0.0
ETH/USDT,BUY,2112.73,2147.73,80.0,RUNNING,0.0
ETH/USDT,BUY,2112.82,2147.82,80.0,RUNNING,0.0
ETH/USDT,BUY,2112.89,2147.89,80.0,RUNNING,0.0
ETH/USDT,BUY,2112.88,2147.88,80.0,RUNNING,0.0
ETH/USDT,BUY,2112.98,2147.98,80.0,RUNNING,0.0
ETH/USDT,BUY,2112.89,2147.89,80.0,RUNNING,0.0
ETH/USDT,NO ENTRY,0.0,0.0,80.0,RUNNING,0.0
ETH/USDT,NO ENTRY,0.0,0.0,80.0,RUNNING,0.0
ETH/USDT,NO ENTRY,0.0,0.0,80.0,RUNNING,0.0
ETH/USDT,NO ENTRY,0.0,0.0,80.0,RUNNING,0.0
ETH/USDT,NO ENTRY,0.0,0.0,80.0,RUNNING,0.0
ETH/USDT,NO ENTRY,0.0,0.0,80.0,RUNNING,0.0
ETH/USDT,NO ENTRY,0.0,0.0,80.0,RUNNING,0.0
ETH/USDT,NO ENTRY,0.0,0.0,80.0,RUNNING,0.0
ETH/USDT,NO ENTRY,0.0,0.0,100.0,RUNNING,0.0
ETH/USDT,NO ENTRY,0.0,0.0,100.0,RUNNING,0.0
ETH/USDT,NO ENTRY,0.0,0.0,100.0,RUNNING,0.0
ETH/USDT,NO ENTRY,0.0,0.0,80.0,RUNNING,0.0
ETH/USDT,NO ENTRY,0.0,0.0,80.0,RUNNING,0.0
ETH/USDT,NO ENTRY,0.0,0.0,80.0,RUNNING,0.0
ETH/USDT,NO ENTRY,0.0,0.0,80.0,RUNNING,0.0
ETH/USDT,NO ENTRY,0.0,0.0,80.0,RUNNING,0.0
ETH/USDT,NO ENTRY,0.0,0.0,80.0,RUNNING,0.0
ETH/USDT,NO ENTRY,0.0,0.0,80.0,RUNNING,0.0
ETH/USDT,NO ENTRY,0.0,0.0,80.0,RUNNING,0.0
ETH/USDT,NO ENTRY,0.0,0.0,80.0,RUNNING,0.0
ETH/USDT,NO ENTRY,0.0,0.0,80.0,RUNNING,0.0
ETH/USDT,NO ENTRY,0.0,0.0,80.0,RUNNING,0.0
ETH/USDT,NO ENTRY,0.0,0.0,80.0,RUNNING,0.0
ETH/USDT,NO ENTRY,0.0,0.0,80.0,RUNNING,0.0
ETH/USDT,NO ENTRY,0.0,0.0,100.0,RUNNING,0.0
ETH/USDT,NO ENTRY,0.0,0.0,100.0,RUNNING,0.0
ETH/USDT,NO ENTRY,0.0,0.0,80.0,RUNNING,0.0
ETH/USDT,NO ENTRY,0.0,0.0,80.0,RUNNING,0.0
ETH/USDT,NO ENTRY,0.0,0.0,80.0,RUNNING,0.0
ETH/USDT,NO ENTRY,0.0,0.0,80.0,RUNNING,0.0
ETH/USDT,NO ENTRY,0.0,0.0,100.0,RUNNING,0.0
ETH/USDT,NO ENTRY,0.0,0.0,100.0,RUNNING,0.0
ETH/USDT,NO ENTRY,0.0,0.0,80.0,RUNNING,0.0
ETH/USDT,NO ENTRY,0.0,0.0,80.0,RUNNING,0.0
ETH/USDT,BUY,2111.94,2146.94,80.0,RUNNING,0.0
ETH/USDT,BUY,2111.94,2146.94,80.0,RUNNING,0.0
ETH/USDT,NO ENTRY,0.0,0.0,80.0,RUNNING,0.0
ETH/USDT,NO ENTRY,0.0,0.0,80.0,RUNNING,0.0
ETH/USDT,NO ENTRY,0.0,0.0,80.0,RUNNING,0.0
ETH/USDT,NO ENTRY,0.0,0.0,80.0,RUNNING,0.0
ETH/USDT,NO ENTRY,0.0,0.0,80.0,RUNNING,0.0
ETH/USDT,NO ENTRY,0.0,0.0,80.0,RUNNING,0.0
ETH/USDT,NO ENTRY,0.0,0.0,80.0,RUNNING,0.0
ETH/USDT,NO ENTRY,0.0,0.0,80.0,RUNNING,0.0
ETH/USDT,NO ENTRY,0.0,0.0,100.0,RUNNING,0.0
ETH/USDT,NO ENTRY,0.0,0.0,100.0,RUNNING,0.0
ETH/USDT,NO ENTRY,0.0,0.0,100.0,RUNNING,0.0
ETH/USDT,NO ENTRY,0.0,0.0,100.0,RUNNING,0.0
ETH/USDT,NO ENTRY,0.0,0.0,80.0,RUNNING,0.0
ETH/USDT,NO ENTRY,0.0,0.0,80.0,RUNNING,0.0
ETH/USDT,NO ENTRY,0.0,0.0,80.0,RUNNING,0.0
ETH/USDT,NO ENTRY,0.0,0.0,80.0,RUNNING,0.0
ETH/USDT,NO ENTRY,0.0,0.0,80.0,RUNNING,0.0
ETH/USDT,NO ENTRY,0.0,0.0,80.0,RUNNING,0.0
ETH/USDT,NO ENTRY,0.0,0.0,80.0,RUNNING,0.0
ETH/USDT,NO ENTRY,0.0,0.0,80.0,RUNNING,0.0
ETH/USDT,NO ENTRY,0.0,0.0,100.0,RUNNING,0.0
ETH/USDT,NO ENTRY,0.0,0.0,100.0,RUNNING,0.0
ETH/USDT,NO ENTRY,0.0,0.0,100.0,RUNNING,0.0
ETH/USDT,NO ENTRY,0.0,0.0,100.0,RUNNING,0.0
ETH/USDT,NO ENTRY,0.0,0.0,80.0,RUNNING,0.0
ETH/USDT,NO ENTRY,0.0,0.0,80.0,RUNNING,0.0
ETH/USDT,NO ENTRY,0.0,0.0,80.0,RUNNING,0.0
ETH/USDT,NO ENTRY,0.0,0.0,80.0,RUNNING,0.0
ETH/USDT,NO ENTRY,0.0,0.0,80.0,RUNNING,0.0
ETH/USDT,NO ENTRY,0.0,0.0,80.0,RUNNING,0.0
ETH/USDT,NO ENTRY,0.0,0.0,80.0,RUNNING,0.0
ETH/USDT,NO ENTRY,0.0,0.0,80.0,RUNNING,0.0
ETH/USDT,NO ENTRY,0.0,0.0,80.0,RUNNING,0.0
ETH/USDT,NO ENTRY,0.0,0.0,80.0,RUNNING,0.0
ETH/USDT,NO ENTRY,0.0,0.0,80.0,RUNNING,0.0
ETH/USDT,NO ENTRY,0.0,0.0,80.0,RUNNING,0.0
ETH/USDT,NO ENTRY,0.0,0.0,100.0,RUNNING,0.0
ETH/USDT,NO ENTRY,0.0,0.0,100.0,RUNNING,0.0
ETH/USDT,NO ENTRY,0.0,0.0,100.0,RUNNING,0.0
ETH/USDT,NO ENTRY,0.0,0.0,100.0,RUNNING,0.0
ETH/USDT,NO ENTRY,0.0,0.0,100.0,RUNNING,0.0
ETH/USDT,NO ENTRY,0.0,0.0,100.0,RUNNING,0.0
ETH/USDT,NO ENTRY,0.0,0.0,80.0,RUNNING,0.0
ETH/USDT,NO ENTRY,0.0,0.0,80.0,RUNNING,0.0
ETH/USDT,NO ENTRY,0.0,0.0,100.0,RUNNING,0.0
ETH/USDT,NO ENTRY,0.0,0.0,100.0,RUNNING,0.0
ETH/USDT,NO ENTRY,0.0,0.0,100.0,RUNNING,0.0
ETH/USDT,NO ENTRY,0.0,0.0,100.0,RUNNING,0.0
ETH/USDT,NO ENTRY,0.0,0.0,100.0,RUNNING,0.0
ETH/USDT,NO ENTRY,0.0,0.0,100.0,RUNNING,0.0
ETH/USDT,NO ENTRY,0.0,0.0,100.0,RUNNING,0.0
ETH/USDT,NO ENTRY,0.0,0.0,100.0,RUNNING,0.0
ETH/USDT,NO ENTRY,0.0,0.0,100.0,RUNNING,0.0
ETH/USDT,NO ENTRY,0.0,0.0,100.0,RUNNING,0.0
ETH/USDT,NO ENTRY,0.0,0.0,80.0,RUNNING,0.0
ETH/USDT,NO ENTRY,0.0,0.0,80.0,RUNNING,0.0
ETH/USDT,NO ENTRY,0.0,0.0,80.0,RUNNING,0.0
ETH/USDT,NO ENTRY,0.0,0.0,80.0,RUNNING,0.0
ETH/USDT,NO ENTRY,0.0,0.0,80.0,RUNNING,0.0
ETH/USDT,NO ENTRY,0.0,0.0,80.0,RUNNING,0.0
ETH/USDT,NO ENTRY,0.0,0.0,100.0,RUNNING,0.0
ETH/USDT,NO ENTRY,0.0,0.0,100.0,RUNNING,0.0
ETH/USDT,NO ENTRY,0.0,0.0,100.0,RUNNING,0.0
ETH/USDT,NO ENTRY,0.0,0.0,100.0,RUNNING,0.0
ETH/USDT,NO ENTRY,0.0,0.0,80.0,RUNNING,0.0
BTC/USDT,NO ENTRY,0.0,0.0,80.0,RUNNING,0.0
BTC/USDT,NO ENTRY,0.0,0.0,80.0,RUNNING,0.0
BTC/USDT,NO ENTRY,0.0,0.0,80.0,RUNNING,0.0
ETH/USDT,NO ENTRY,0.0,0.0,80.0,RUNNING,0.0
ETH/USDT,NO ENTRY,0.0,0.0,80.0,RUNNING,0.0
ETH/USDT,NO ENTRY,0.0,0.0,80.0,RUNNING,0.0
ETH/USDT,NO ENTRY,0.0,0.0,80.0,RUNNING,0.0
ETH/USDT,NO ENTRY,0.0,0.0,80.0,RUNNING,0.0
ETH/USDT,NO ENTRY,0.0,0.0,80.0,RUNNING,0.0
ETH/USDT,NO ENTRY,0.0,0.0,80.0,RUNNING,0.0
ETH/USDT,NO ENTRY,0.0,0.0,80.0,RUNNING,0.0
ETH/USDT,NO ENTRY,0.0,0.0,80.0,RUNNING,0.0
ETH/USDT,NO ENTRY,0.0,0.0,80.0,RUNNING,0.0
ETH/USDT,NO ENTRY,0.0,0.0,80.0,RUNNING,0.0
ETH/USDT,NO ENTRY,0.0,0.0,80.0,RUNNING,0.0
ETH/USDT,NO ENTRY,0.0,0.0,80.0,RUNNING,0.0
ETH/USDT,NO ENTRY,0.0,0.0,80.0,RUNNING,0.0
ETH/USDT,NO ENTRY,0.0,0.0,80.0,RUNNING,0.0
ETH/USDT,NO ENTRY,0.0,0.0,80.0,RUNNING,0.0
ETH/USDT,NO ENTRY,0.0,0.0,80.0,RUNNING,0.0
ETH/USDT,NO ENTRY,0.0,0.0,100.0,RUNNING,0.0
ETH/USDT,NO ENTRY,0.0,0.0,100.0,RUNNING,0.0
ETH/USDT,NO ENTRY,0.0,0.0,100.0,RUNNING,0.0
ETH/USDT,NO ENTRY,0.0,0.0,100.0,RUNNING,0.0
ETH/USDT,NO ENTRY,0.0,0.0,100.0,RUNNING,0.0
ETH/USDT,NO ENTRY,0.0,0.0,100.0,RUNNING,0.0
ETH/USDT,NO ENTRY,0.0,0.0,100.0,RUNNING,0.0
ETH/USDT,NO ENTRY,0.0,0.0,100.0,RUNNING,0.0
ETH/USDT,NO ENTRY,0.0,0.0,100.0,RUNNING,0.0
ETH/USDT,NO ENTRY,0.0,0.0,100.0,RUNNING,0.0
ETH/USDT,NO ENTRY,0.0,0.0,100.0,RUNNING,0.0
ETH/USDT,NO ENTRY,0.0,0.0,100.0,RUNNING,0.0
ETH/USDT,NO ENTRY,0.0,0.0,100.0,RUNNING,0.0
ETH/USDT,NO ENTRY,0.0,0.0,100.0,RUNNING,0.0
ETH/USDT,NO ENTRY,0.0,0.0,100.0,RUNNING,0.0
ETH/USDT,NO ENTRY,0.0,0.0,100.0,RUNNING,0.0
ETH/USDT,NO ENTRY,0.0,0.0,100.0,RUNNING,0.0
ETH/USDT,NO ENTRY,0.0,0.0,100.0,RUNNING,0.0
ETH/USDT,NO ENTRY,0.0,0.0,100.0,RUNNING,0.0
ETH/USDT,NO ENTRY,0.0,0.0,80.0,RUNNING,0.0
ETH/USDT,NO ENTRY,0.0,0.0,80.0,RUNNING,0.0
ETH/USDT,NO ENTRY,0.0,0.0,80.0,RUNNING,0.0
ETH/USDT,NO ENTRY,0.0,0.0,80.0,RUNNING,0.0
ETH/USDT,NO ENTRY,0.0,0.0,80.0,RUNNING,0.0
ETH/USDT,NO ENTRY,0.0,0.0,80.0,RUNNING,0.0
ETH/USDT,NO ENTRY,0.0,0.0,80.0,RUNNING,0.0
ETH/USDT,NO ENTRY,0.0,0.0,80.0,RUNNING,0.0
ETH/USDT,NO ENTRY,0.0,0.0,80.0,RUNNING,0.0
ETH/USDT,NO ENTRY,0.0,0.0,80.0,RUNNING,0.0
ETH/USDT,NO ENTRY,0.0,0.0,80.0,RUNNING,0.0
ETH/USDT,NO ENTRY,0.0,0.0,80.0,RUNNING,0.0
BTC/USDT,NO ENTRY,0.0,0.0,80.0,RUNNING,0.0
ETH/USDT,NO ENTRY,0.0,0.0,100.0,RUNNING,0.0
ETH/USDT,NO ENTRY,0.0,0.0,100.0,RUNNING,0.0
ETH/USDT,NO ENTRY,0.0,0.0,100.0,RUNNING,0.0
ETH/USDT,NO ENTRY,0.0,0.0,100.0,RUNNING,0.0
ETH/USDT,NO ENTRY,0.0,0.0,80.0,RUNNING,0.0
ETH/USDT,NO ENTRY,0.0,0.0,80.0,RUNNING,0.0
ETH/USDT,NO ENTRY,0.0,0.0,80.0,RUNNING,0.0
ETH/USDT,NO ENTRY,0.0,0.0,100.0,RUNNING,0.0
ETH/USDT,NO ENTRY,0.0,0.0,100.0,RUNNING,0.0
ETH/USDT,NO ENTRY,0.0,0.0,100.0,RUNNING,0.0
ETH/USDT,NO ENTRY,0.0,0.0,80.0,RUNNING,0.0
ETH/USDT,NO ENTRY,0.0,0.0,80.0,RUNNING,0.0
ETH/USDT,NO ENTRY,0.0,0.0,100.0,RUNNING,0.0
ETH/USDT,NO ENTRY,0.0,0.0,80.0,RUNNING,0.0
ETH/USDT,NO ENTRY,0.0,0.0,80.0,RUNNING,0.0
ETH/USDT,NO ENTRY,0.0,0.0,80.0,RUNNING,0.0
ETH/USDT,NO ENTRY,0.0,0.0,80.0,RUNNING,0.0
ETH/USDT,NO ENTRY,0.0,0.0,80.0,RUNNING,0.0
ETH/USDT,NO ENTRY,0.0,0.0,80.0,RUNNING,0.0
ETH/USDT,NO ENTRY,0.0,0.0,80.0,RUNNING,0.0
ETH/USDT,NO ENTRY,0.0,0.0,80.0,RUNNING,0.0
ETH/USDT,NO ENTRY,0.0,0.0,80.0,RUNNING,0.0
ETH/USDT,NO ENTRY,0.0,0.0,80.0,RUNNING,0.0
ETH/USDT,NO ENTRY,0.0,0.0,80.0,RUNNING,0.0
ETH/USDT,NO ENTRY,0.0,0.0,80.0,RUNNING,0.0
ETH/USDT,NO ENTRY,0.0,0.0,80.0,RUNNING,0.0
ETH/USDT,NO ENTRY,0.0,0.0,80.0,RUNNING,0.0
ETH/USDT,NO ENTRY,0.0,0.0,80.0,RUNNING,0.0
ETH/USDT,NO ENTRY,0.0,0.0,80.0,RUNNING,0.0
ETH/USDT,NO ENTRY,0.0,0.0,80.0,RUNNING,0.0
ETH/USDT,NO ENTRY,0.0,0.0,80.0,RUNNING,0.0
ETH/USDT,NO ENTRY,0.0,0.0,80.0,RUNNING,0.0
ETH/USDT,NO ENTRY,0.0,0.0,80.0,RUNNING,0.0
ETH/USDT,NO ENTRY,0.0,0.0,80.0,RUNNING,0.0
ETH/USDT,NO ENTRY,0.0,0.0,80.0,RUNNING,0.0
ETH/USDT,NO ENTRY,0.0,0.0,80.0,RUNNING,0.0
ETH/USDT,NO ENTRY,0.0,0.0,80.0,RUNNING,0.0
ETH/USDT,NO ENTRY,0.0,0.0,80.0,RUNNING,0.0
ETH/USDT,NO ENTRY,0.0,0.0,80.0,RUNNING,0.0
ETH/USDT,NO ENTRY,0.0,0.0,80.0,RUNNING,0.0
ETH/USDT,NO ENTRY,0.0,0.0,80.0,RUNNING,0.0
ETH/USDT,NO ENTRY,0.0,0.0,80.0,RUNNING,0.0
ETH/USDT,NO ENTRY,0.0,0.0,80.0,RUNNING,0.0
ETH/USDT,NO ENTRY,0.0,0.0,100.0,RUNNING,0.0
ETH/USDT,NO ENTRY,0.0,0.0,80.0,RUNNING,0.0
ETH/USDT,NO ENTRY,0.0,0.0,80.0,RUNNING,0.0
ETH/USDT,NO ENTRY,0.0,0.0,80.0,RUNNING,0.0
ETH/USDT,NO ENTRY,0.0,0.0,80.0,RUNNING,0.0
ETH/USDT,NO ENTRY,0.0,0.0,80.0,RUNNING,0.0
ETH/USDT,NO ENTRY,0.0,0.0,80.0,RUNNING,0.0
ETH/USDT,NO ENTRY,0.0,0.0,100.0,RUNNING,0.0
ETH/USDT,NO ENTRY,0.0,0.0,100.0,RUNNING,0.0
ETH/USDT,NO ENTRY,0.0,0.0,100.0,RUNNING,0.0
ETH/USDT,NO ENTRY,0.0,0.0,100.0,RUNNING,0.0
ETH/USDT,NO ENTRY,0.0,0.0,80.0,RUNNING,0.0
ETH/USDT,NO ENTRY,0.0,0.0,80.0,RUNNING,0.0
ETH/USDT,NO ENTRY,0.0,0.0,80.0,RUNNING,0.0
ETH/USDT,NO ENTRY,0.0,0.0,80.0,RUNNING,0.0
ETH/USDT,NO ENTRY,0.0,0.0,80.0,RUNNING,0.0
ETH/USDT,NO ENTRY,0.0,0.0,80.0,RUNNING,0.0
ETH/USDT,NO ENTRY,0.0,0.0,80.0,RUNNING,0.0
ETH/USDT,NO ENTRY,0.0,0.0,80.0,RUNNING,0.0
ETH/USDT,NO ENTRY,0.0,0.0,80.0,RUNNING,0.0
ETH/USDT,NO ENTRY,0.0,0.0,100.0,RUNNING,0.0
ETH/USDT,NO ENTRY,0.0,0.0,80.0,RUNNING,0.0
ETH/USDT,NO ENTRY,0.0,0.0,80.0,RUNNING,0.0
ETH/USDT,NO ENTRY,0.0,0.0,80.0,RUNNING,0.0
ETH/USDT,NO ENTRY,0.0,0.0,100.0,RUNNING,0.0
ETH/USDT,NO ENTRY,0.0,0.0,100.0,RUNNING,0.0
ETH/USDT,NO ENTRY,0.0,0.0,100.0,RUNNING,0.0
ETH/USDT,NO ENTRY,0.0,0.0,100.0,RUNNING,0.0
ETH/USDT,NO ENTRY,0.0,0.0,100.0,RUNNING,0.0
ETH/USDT,SELL,2135.9,2100.9,80.0,RUNNING,0.0
ETH/USDT,NO ENTRY,0.0,0.0,80.0,RUNNING,0.0
ETH/USDT,NO ENTRY,0.0,0.0,80.0,RUNNING,0.0
ETH/USDT,NO ENTRY,0.0,0.0,80.0,RUNNING,0.0
ETH/USDT,NO ENTRY,0.0,0.0,80.0,RUNNING,0.0
ETH/USDT,SELL,2134.45,2099.45,80.0,RUNNING,0.0
ETH/USDT,NO ENTRY,0.0,0.0,80.0,RUNNING,0.0
ETH/USDT,NO ENTRY,0.0,0.0,100.0,RUNNING,0.0
ETH/USDT,NO ENTRY,0.0,0.0,80.0,RUNNING,0.0
ETH/USDT,NO ENTRY,0.0,0.0,80.0,RUNNING,0.0
ETH/USDT,NO ENTRY,0.0,0.0,80.0,RUNNING,0.0
ETH/USDT,NO ENTRY,0.0,0.0,80.0,RUNNING,0.0
ETH/USDT,SELL,2134.51,2099.51,80.0,RUNNING,0.0
ETH/USDT,NO ENTRY,0.0,0.0,100.0,RUNNING,0.0
ETH/USDT,NO ENTRY,0.0,0.0,100.0,RUNNING,0.0
ETH/USDT,NO ENTRY,0.0,0.0,80.0,RUNNING,0.0
ETH/USDT,NO ENTRY,0.0,0.0,80.0,RUNNING,0.0
ETH/USDT,NO ENTRY,0.0,0.0,80.0,RUNNING,0.0
ETH/USDT,NO ENTRY,0.0,0.0,80.0,RUNNING,0.0
ETH/USDT,NO ENTRY,0.0,0.0,100.0,RUNNING,0.0
ETH/USDT,NO ENTRY,0.0,0.0,100.0,RUNNING,0.0
ETH/USDT,NO ENTRY,0.0,0.0,100.0,RUNNING,0.0
ETH/USDT,NO ENTRY,0.0,0.0,100.0,RUNNING,0.0
ETH/USDT,NO ENTRY,0.0,0.0,100.0,RUNNING,0.0
ETH/USDT,NO ENTRY,0.0,0.0,100.0,RUNNING,0.0
ETH/USDT,NO ENTRY,0.0,0.0,100.0,RUNNING,0.0
ETH/USDT,NO ENTRY,0.0,0.0,100.0,RUNNING,0.0
ETH/USDT,NO ENTRY,0.0,0.0,100.0,RUNNING,0.0
ETH/USDT,NO ENTRY,0.0,0.0,100.0,RUNNING,0.0
ETH/USDT,NO ENTRY,0.0,0.0,80.0,RUNNING,0.0
ETH/USDT,NO ENTRY,0.0,0.0,80.0,RUNNING,0.0
ETH/USDT,NO ENTRY,0.0,0.0,80.0,RUNNING,0.0
ETH/USDT,NO ENTRY,0.0,0.0,80.0,RUNNING,0.0
ETH/USDT,NO ENTRY,0.0,0.0,100.0,RUNNING,0.0
BTC/USDT,SESSION CLOSED,0.0,0.0,80.0,RUNNING,0.0
BTC/USDT,SESSION CLOSED,0.0,0.0,80.0,RUNNING,0.0
BTC/USDT,SESSION CLOSED,0.0,0.0,80.0,RUNNING,0.0
BTC/USDT,SESSION CLOSED,0.0,0.0,80.0,RUNNING,0.0
BTC/USDT,SESSION CLOSED,0.0,0.0,80.0,RUNNING,0.0
BTC/USDT,SESSION CLOSED,0.0,0.0,80.0,RUNNING,0.0
BTC/USDT,SESSION CLOSED,0.0,0.0,80.0,RUNNING,0.0
BTC/USDT,SESSION CLOSED,0.0,0.0,80.0,RUNNING,0.0
BTC/USDT,SESSION CLOSED,0.0,0.0,80.0,RUNNING,0.0
BTC/USDT,SESSION CLOSED,0.0,0.0,80.0,RUNNING,0.0
BTC/USDT,SESSION CLOSED,0.0,0.0,80.0,RUNNING,0.0
BTC/USDT,SESSION CLOSED,0.0,0.0,100.0,RUNNING,0.0
BTC/USDT,SESSION CLOSED,0.0,0.0,100.0,RUNNING,0.0
BTC/USDT,SESSION CLOSED,0.0,0.0,100.0,RUNNING,0.0
BTC/USDT,SESSION CLOSED,0.0,0.0,100.0,RUNNING,0.0
BTC/USDT,SESSION CLOSED,0.0,0.0,100.0,RUNNING,0.0
BTC/USDT,SESSION CLOSED,0.0,0.0,100.0,RUNNING,0.0
BTC/USDT,SESSION CLOSED,0.0,0.0,100.0,RUNNING,0.0
BTC/USDT,SESSION CLOSED,0.0,0.0,100.0,RUNNING,0.0
BTC/USDT,SESSION CLOSED,0.0,0.0,100.0,RUNNING,0.0
BTC/USDT,SESSION CLOSED,0.0,0.0,100.0,RUNNING,0.0
BTC/USDT,SESSION CLOSED,0.0,0.0,100.0,RUNNING,0.0
BTC/USDT,SESSION CLOSED,0.0,0.0,100.0,RUNNING,0.0
BTC/USDT,SESSION CLOSED,0.0,0.0,100.0,RUNNING,0.0
BTC/USDT,SESSION CLOSED,0.0,0.0,100.0,RUNNING,0.0
BTC/USDT,SESSION CLOSED,0.0,0.0,100.0,RUNNING,0.0
BTC/USDT,SESSION CLOSED,0.0,0.0,100.0,RUNNING,0.0
BTC/USDT,SESSION CLOSED,0.0,0.0,100.0,RUNNING,0.0
BTC/USDT,SESSION CLOSED,0.0,0.0,100.0,RUNNING,0.0
BTC/USDT,SESSION CLOSED,0.0,0.0,100.0,RUNNING,0.0
BTC/USDT,SESSION CLOSED,0.0,0.0,100.0,RUNNING,0.0
BTC/USDT,SESSION CLOSED,0.0,0.0,100.0,RUNNING,0.0
ETH/USDT,SESSION CLOSED,0.0,0.0,100.0,RUNNING,0.0
ETH/USDT,SESSION CLOSED,0.0,0.0,100.0,RUNNING,0.0
ETH/USDT,SESSION CLOSED,0.0,0.0,100.0,RUNNING,0.0
ETH/USDT,SESSION CLOSED,0.0,0.0,100.0,RUNNING,0.0
ETH/USDT,SESSION CLOSED,0.0,0.0,100.0,RUNNING,0.0
ETH/USDT,SESSION CLOSED,0.0,0.0,100.0,RUNNING,0.0
ETH/USDT,SESSION CLOSED,0.0,0.0,100.0,RUNNING,0.0
ETH/USDT,SESSION CLOSED,0.0,0.0,100.0,RUNNING,0.0
ETH/USDT,SESSION CLOSED,0.0,0.0,100.0,RUNNING,0.0
ETH/USDT,SESSION CLOSED,0.0,0.0,100.0,RUNNING,0.0
ETH/USDT,SESSION CLOSED,0.0,0.0,100.0,RUNNING,0.0
ETH/USDT,SESSION CLOSED,0.0,0.0,100.0,RUNNING,0.0
ETH/USDT,SESSION CLOSED,0.0,0.0,100.0,RUNNING,0.0
ETH/USDT,SESSION CLOSED,0.0,0.0,100.0,RUNNING,0.0
ETH/USDT,SESSION CLOSED,0.0,0.0,100.0,RUNNING,0.0
ETH/USDT,SESSION CLOSED,0.0,0.0,100.0,RUNNING,0.0
ETH/USDT,SESSION CLOSED,0.0,0.0,100.0,RUNNING,0.0
ETH/USDT,SESSION CLOSED,0.0,0.0,100.0,RUNNING,0.0
ETH/USDT,SESSION CLOSED,0.0,0.0,100.0,RUNNING,0.0
ETH/USDT,SESSION CLOSED,0.0,0.0,100.0,RUNNING,0.0
ETH/USDT,SESSION CLOSED,0.0,0.0,100.0,RUNNING,0.0
ETH/USDT,SESSION CLOSED,0.0,0.0,100.0,RUNNING,0.0
BTC/USDT,SESSION CLOSED,0.0,0.0,80.0,RUNNING,0.0
BTC/USDT,SESSION CLOSED,0.0,0.0,80.0,RUNNING,0.0
BTC/USDT,SESSION CLOSED,0.0,0.0,80.0,RUNNING,0.0
BTC/USDT,SESSION CLOSED,0.0,0.0,80.0,RUNNING,0.0
BTC/USDT,SESSION CLOSED,0.0,0.0,80.0,RUNNING,0.0
BTC/USDT,SESSION CLOSED,0.0,0.0,80.0,RUNNING,0.0
BTC/USDT,SESSION CLOSED,0.0,0.0,80.0,RUNNING,0.0
BTC/USDT,SESSION CLOSED,0.0,0.0,80.0,RUNNING,0.0
BTC/USDT,SESSION CLOSED,0.0,0.0,80.0,RUNNING,0.0
BTC/USDT,SESSION CLOSED,0.0,0.0,80.0,RUNNING,0.0
BTC/USDT,SESSION CLOSED,0.0,0.0,100.0,RUNNING,0.0
BTC/USDT,SESSION CLOSED,0.0,0.0,100.0,RUNNING,0.0
BTC/USDT,SESSION CLOSED,0.0,0.0,100.0,RUNNING,0.0
BTC/USDT,SESSION CLOSED,0.0,0.0,100.0,RUNNING,0.0
BTC/USDT,SESSION CLOSED,0.0,0.0,100.0,RUNNING,0.0
BTC/USDT,SESSION CLOSED,0.0,0.0,100.0,RUNNING,0.0
BTC/USDT,SESSION CLOSED,0.0,0.0,100.0,RUNNING,0.0
BTC/USDT,SESSION CLOSED,0.0,0.0,100.0,RUNNING,0.0
BTC/USDT,SESSION CLOSED,0.0,0.0,100.0,RUNNING,0.0
BTC/USDT,SESSION CLOSED,0.0,0.0,100.0,RUNNING,0.0
BTC/USDT,SESSION CLOSED,0.0,0.0,100.0,RUNNING,0.0
BTC/USDT,SESSION CLOSED,0.0,0.0,100.0,RUNNING,0.0
BTC/USDT,SESSION CLOSED,0.0,0.0,100.0,RUNNING,0.0
BTC/USDT,SESSION CLOSED,0.0,0.0,100.0,RUNNING,0.0
BTC/USDT,SESSION CLOSED,0.0,0.0,100.0,RUNNING,0.0
BTC/USDT,SESSION CLOSED,0.0,0.0,100.0,RUNNING,0.0
BTC/USDT,SESSION CLOSED,0.0,0.0,100.0,RUNNING,0.0
BTC/USDT,SESSION CLOSED,0.0,0.0,100.0,RUNNING,0.0
BTC/USDT,SESSION CLOSED,0.0,0.0,100.0,RUNNING,0.0
BTC/USDT,SESSION CLOSED,0.0,0.0,100.0,RUNNING,0.0
BTC/USDT,SESSION CLOSED,0.0,0.0,80.0,RUNNING,0.0
BTC/USDT,SESSION CLOSED,0.0,0.0,80.0,RUNNING,0.0
BTC/USDT,SESSION CLOSED,0.0,0.0,80.0,RUNNING,0.0
BTC/USDT,SESSION CLOSED,0.0,0.0,80.0,RUNNING,0.0
BTC/USDT,SESSION CLOSED,0.0,0.0,80.0,RUNNING,0.0
BTC/USDT,SESSION CLOSED,0.0,0.0,80.0,RUNNING,0.0
BTC/USDT,SESSION CLOSED,0.0,0.0,80.0,RUNNING,0.0
BTC/USDT,SESSION CLOSED,0.0,0.0,80.0,RUNNING,0.0
BTC/USDT,SESSION CLOSED,0.0,0.0,80.0,RUNNING,0.0
BTC/USDT,SESSION CLOSED,0.0,0.0,80.0,RUNNING,0.0
BTC/USDT,SESSION CLOSED,0.0,0.0,80.0,RUNNING,0.0
BTC/USDT,SESSION CLOSED,0.0,0.0,80.0,RUNNING,0.0
BTC/USDT,SESSION CLOSED,0.0,0.0,80.0,RUNNING,0.0
BTC/USDT,SESSION CLOSED,0.0,0.0,80.0,RUNNING,0.0
BTC/USDT,SESSION CLOSED,0.0,0.0,80.0,RUNNING,0.0
BTC/USDT,SESSION CLOSED,0.0,0.0,80.0,RUNNING,0.0
BTC/USDT,SESSION CLOSED,0.0,0.0,80.0,RUNNING,0.0
BTC/USDT,SESSION CLOSED,0.0,0.0,80.0,RUNNING,0.0
BTC/USDT,SESSION CLOSED,0.0,0.0,80.0,RUNNING,0.0
BTC/USDT,SESSION CLOSED,0.0,0.0,80.0,RUNNING,0.0
BTC/USDT,SESSION CLOSED,0.0,0.0,100.0,RUNNING,0.0
BTC/USDT,SESSION CLOSED,0.0,0.0,100.0,RUNNING,0.0
BTC/USDT,SESSION CLOSED,0.0,0.0,100.0,RUNNING,0.0
BTC/USDT,SESSION CLOSED,0.0,0.0,100.0,RUNNING,0.0
BTC/USDT,SESSION CLOSED,0.0,0.0,100.0,RUNNING,0.0
BTC/USDT,SESSION CLOSED,0.0,0.0,100.0,RUNNING,0.0
BTC/USDT,SESSION CLOSED,0.0,0.0,100.0,RUNNING,0.0
BTC/USDT,SESSION CLOSED,0.0,0.0,100.0,RUNNING,0.0
BTC/USDT,SESSION CLOSED,0.0,0.0,100.0,RUNNING,0.0
BTC/USDT,SESSION CLOSED,0.0,0.0,100.0,RUNNING,0.0
BTC/USDT,SESSION CLOSED,0.0,0.0,100.0,RUNNING,0.0
BTC/USDT,SESSION CLOSED,0.0,0.0,100.0,RUNNING,0.0
BTC/USDT,NO ENTRY,0.0,0.0,100.0,RUNNING,0.0
BTC/USDT,NO ENTRY,0.0,0.0,100.0,RUNNING,0.0
BTC/USDT,NO ENTRY,0.0,0.0,100.0,RUNNING,0.0
BTC/USDT,NO ENTRY,0.0,0.0,100.0,RUNNING,0.0
BTC/USDT,NO ENTRY,0.0,0.0,100.0,RUNNING,0.0
BTC/USDT,NO ENTRY,0.0,0.0,100.0,RUNNING,0.0
BTC/USDT,NO ENTRY,0.0,0.0,100.0,RUNNING,0.0
BTC/USDT,NO ENTRY,0.0,0.0,100.0,RUNNING,0.0
ETH/USDT,NO ENTRY,0.0,0.0,80.0,RUNNING,0.0
BTC/USDT,NO ENTRY,0.0,0.0,100.0,RUNNING,0.0
ETH/USDT,NO ENTRY,0.0,0.0,80.0,RUNNING,0.0
BTC/USDT,NO ENTRY,0.0,0.0,100.0,RUNNING,0.0
ETH/USDT,NO ENTRY,0.0,0.0,80.0,RUNNING,0.0
BTC/USDT,NO ENTRY,0.0,0.0,100.0,RUNNING,0.0
ETH/USDT,NO ENTRY,0.0,0.0,100.0,RUNNING,0.0
BTC/USDT,NO ENTRY,0.0,0.0,100.0,RUNNING,0.0
ETH/USDT,NO ENTRY,0.0,0.0,100.0,RUNNING,0.0
BTC/USDT,NO ENTRY,0.0,0.0,100.0,RUNNING,0.0
ETH/USDT,NO ENTRY,0.0,0.0,100.0,RUNNING,0.0
ETH/USDT,NO ENTRY,0.0,0.0,100.0,RUNNING,0.0
ETH/USDT,NO ENTRY,0.0,0.0,100.0,RUNNING,0.0
ETH/USDT,NO ENTRY,0.0,0.0,100.0,RUNNING,0.0
ETH/USDT,NO ENTRY,0.0,0.0,100.0,RUNNING,0.0
ETH/USDT,NO ENTRY,0.0,0.0,100.0,RUNNING,0.0
ETH/USDT,NO ENTRY,0.0,0.0,100.0,RUNNING,0.0
ETH/USDT,NO ENTRY,0.0,0.0,80.0,RUNNING,0.0
ETH/USDT,NO ENTRY,0.0,0.0,80.0,RUNNING,0.0
ETH/USDT,NO ENTRY,0.0,0.0,80.0,RUNNING,0.0
ETH/USDT,NO ENTRY,0.0,0.0,80.0,RUNNING,0.0
ETH/USDT,NO ENTRY,0.0,0.0,80.0,RUNNING,0.0
ETH/USDT,NO ENTRY,0.0,0.0,80.0,RUNNING,0.0
ETH/USDT,NO ENTRY,0.0,0.0,80.0,RUNNING,0.0
ETH/USDT,NO ENTRY,0.0,0.0,80.0,RUNNING,0.0
ETH/USDT,NO ENTRY,0.0,0.0,80.0,RUNNING,0.0
ETH/USDT,NO ENTRY,0.0,0.0,80.0,RUNNING,0.0
ETH/USDT,NO ENTRY,0.0,0.0,80.0,RUNNING,0.0
ETH/USDT,NO ENTRY,0.0,0.0,80.0,RUNNING,0.0
ETH/USDT,NO ENTRY,0.0,0.0,80.0,RUNNING,0.0
ETH/USDT,NO ENTRY,0.0,0.0,80.0,RUNNING,0.0
ETH/USDT,NO ENTRY,0.0,0.0,80.0,RUNNING,0.0
ETH/USDT,NO ENTRY,0.0,0.0,80.0,RUNNING,0.0
ETH/USDT,NO ENTRY,0.0,0.0,80.0,RUNNING,0.0
ETH/USDT,NO ENTRY,0.0,0.0,80.0,RUNNING,0.0
ETH/USDT,NO ENTRY,0.0,0.0,80.0,RUNNING,0.0
ETH/USDT,NO ENTRY,0.0,0.0,80.0,RUNNING,0.0
ETH/USDT,NO ENTRY,0.0,0.0,80.0,RUNNING,0.0
ETH/USDT,NO ENTRY,0.0,0.0,80.0,RUNNING,0.0
ETH/USDT,NO ENTRY,0.0,0.0,80.0,RUNNING,0.0
ETH/USDT,NO ENTRY,0.0,0.0,80.0,RUNNING,0.0
ETH/USDT,NO ENTRY,0.0,0.0,80.0,RUNNING,0.0
ETH/USDT,NO ENTRY,0.0,0.0,80.0,RUNNING,0.0
ETH/USDT,NO ENTRY,0.0,0.0,80.0,RUNNING,0.0
ETH/USDT,NO ENTRY,0.0,0.0,80.0,RUNNING,0.0
ETH/USDT,NO ENTRY,0.0,0.0,80.0,RUNNING,0.0
ETH/USDT,NO ENTRY,0.0,0.0,80.0,RUNNING,0.0
ETH/USDT,NO ENTRY,0.0,0.0,80.0,RUNNING,0.0
ETH/USDT,NO ENTRY,0.0,0.0,80.0,RUNNING,0.0
ETH/USDT,NO ENTRY,0.0,0.0,80.0,RUNNING,0.0
ETH/USDT,NO ENTRY,0.0,0.0,80.0,RUNNING,0.0
ETH/USDT,NO ENTRY,0.0,0.0,80.0,RUNNING,0.0
ETH/USDT,NO ENTRY,0.0,0.0,80.0,RUNNING,0.0
ETH/USDT,NO ENTRY,0.0,0.0,80.0,RUNNING,0.0
ETH/USDT,NO ENTRY,0.0,0.0,80.0,RUNNING,0.0
ETH/USDT,NO ENTRY,0.0,0.0,80.0,RUNNING,0.0
ETH/USDT,NO ENTRY,0.0,0.0,80.0,RUNNING,0.0
ETH/USDT,NO ENTRY,0.0,0.0,80.0,RUNNING,0.0
ETH/USDT,NO ENTRY,0.0,0.0,80.0,RUNNING,0.0
ETH/USDT,NO ENTRY,0.0,0.0,80.0,RUNNING,0.0
ETH/USDT,NO ENTRY,0.0,0.0,80.0,RUNNING,0.0
ETH/USDT,NO ENTRY,0.0,0.0,80.0,RUNNING,0.0
ETH/USDT,NO ENTRY,0.0,0.0,100.0,RUNNING,0.0
ETH/USDT,NO ENTRY,0.0,0.0,80.0,RUNNING,0.0
ETH/USDT,NO ENTRY,0.0,0.0,80.0,RUNNING,0.0
ETH/USDT,NO ENTRY,0.0,0.0,100.0,RUNNING,0.0
ETH/USDT,NO ENTRY,0.0,0.0,100.0,RUNNING,0.0
BTC/USDT,NO ENTRY,0.0,0.0,80.0,RUNNING,0.0
BTC/USDT,NO ENTRY,0.0,0.0,80.0,RUNNING,0.0
BTC/USDT,NO ENTRY,0.0,0.0,80.0,RUNNING,0.0
BTC/USDT,NO ENTRY,0.0,0.0,80.0,RUNNING,0.0
BTC/USDT,NO ENTRY,0.0,0.0,80.0,RUNNING,0.0
BTC/USDT,NO ENTRY,0.0,0.0,80.0,RUNNING,0.0
BTC/USDT,NO ENTRY,0.0,0.0,80.0,RUNNING,0.0
BTC/USDT,NO ENTRY,0.0,0.0,80.0,RUNNING,0.0
BTC/USDT,NO ENTRY,0.0,0.0,80.0,RUNNING,0.0
BTC/USDT,NO ENTRY,0.0,0.0,80.0,RUNNING,0.0
BTC/USDT,NO ENTRY,0.0,0.0,80.0,RUNNING,0.0
BTC/USDT,NO ENTRY,0.0,0.0,80.0,RUNNING,0.0
BTC/USDT,NO ENTRY,0.0,0.0,80.0,RUNNING,0.0
BTC/USDT,NO ENTRY,0.0,0.0,80.0,RUNNING,0.0
BTC/USDT,NO ENTRY,0.0,0.0,80.0,RUNNING,0.0
BTC/USDT,NO ENTRY,0.0,0.0,80.0,RUNNING,0.0
BTC/USDT,NO ENTRY,0.0,0.0,80.0,RUNNING,0.0
BTC/USDT,NO ENTRY,0.0,0.0,80.0,RUNNING,0.0
BTC/USDT,NO ENTRY,0.0,0.0,80.0,RUNNING,0.0
BTC/USDT,NO ENTRY,0.0,0.0,80.0,RUNNING,0.0
BTC/USDT,NO ENTRY,0.0,0.0,80.0,RUNNING,0.0
BTC/USDT,NO ENTRY,0.0,0.0,80.0,RUNNING,0.0
BTC/USDT,NO ENTRY,0.0,0.0,80.0,RUNNING,0.0
BTC/USDT,NO ENTRY,0.0,0.0,80.0,RUNNING,0.0
BTC/USDT,NO ENTRY,0.0,0.0,80.0,RUNNING,0.0
BTC/USDT,NO ENTRY,0.0,0.0,80.0,RUNNING,0.0
BTC/USDT,NO ENTRY,0.0,0.0,80.0,RUNNING,0.0
BTC/USDT,NO ENTRY,0.0,0.0,80.0,RUNNING,0.0
BTC/USDT,NO ENTRY,0.0,0.0,80.0,RUNNING,0.0
BTC/USDT,NO ENTRY,0.0,0.0,80.0,RUNNING,0.0
BTC/USDT,NO ENTRY,0.0,0.0,80.0,RUNNING,0.0
BTC/USDT,NO ENTRY,0.0,0.0,80.0,RUNNING,0.0
BTC/USDT,NO ENTRY,0.0,0.0,80.0,RUNNING,0.0
BTC/USDT,NO ENTRY,0.0,0.0,80.0,RUNNING,0.0
BTC/USDT,NO ENTRY,0.0,0.0,80.0,RUNNING,0.0
BTC/USDT,NO ENTRY,0.0,0.0,80.0,RUNNING,0.0
BTC/USDT,NO ENTRY,0.0,0.0,80.0,RUNNING,0.0
BTC/USDT,NO ENTRY,0.0,0.0,80.0,RUNNING,0.0
BTC/USDT,NO ENTRY,0.0,0.0,100.0,RUNNING,0.0
ETH/USDT,NO ENTRY,0.0,0.0,100.0,RUNNING,0.0
ETH/USDT,NO ENTRY,0.0,0.0,100.0,RUNNING,0.0
ETH/USDT,NO ENTRY,0.0,0.0,100.0,RUNNING,0.0
ETH/USDT,NO ENTRY,0.0,0.0,100.0,RUNNING,0.0
ETH/USDT,NO ENTRY,0.0,0.0,100.0,RUNNING,0.0
ETH/USDT,NO ENTRY,0.0,0.0,100.0,RUNNING,0.0
ETH/USDT,NO ENTRY,0.0,0.0,100.0,RUNNING,0.0
ETH/USDT,NO ENTRY,0.0,0.0,100.0,RUNNING,0.0
ETH/USDT,NO ENTRY,0.0,0.0,100.0,RUNNING,0.0
ETH/USDT,NO ENTRY,0.0,0.0,100.0,RUNNING,0.0
ETH/USDT,NO ENTRY,0.0,0.0,100.0,RUNNING,0.0
ETH/USDT,NO ENTRY,0.0,0.0,100.0,RUNNING,0.0
ETH/USDT,NO ENTRY,0.0,0.0,100.0,RUNNING,0.0
ETH/USDT,NO ENTRY,0.0,0.0,100.0,RUNNING,0.0
ETH/USDT,NO ENTRY,0.0,0.0,80.0,RUNNING,0.0
ETH/USDT,NO ENTRY,0.0,0.0,100.0,RUNNING,0.0
ETH/USDT,NO ENTRY,0.0,0.0,100.0,RUNNING,0.0
ETH/USDT,NO ENTRY,0.0,0.0,100.0,RUNNING,0.0
ETH/USDT,NO ENTRY,0.0,0.0,100.0,RUNNING,0.0
ETH/USDT,NO ENTRY,0.0,0.0,100.0,RUNNING,0.0
ETH/USDT,NO ENTRY,0.0,0.0,100.0,RUNNING,0.0
ETH/USDT,NO ENTRY,0.0,0.0,100.0,RUNNING,0.0
ETH/USDT,NO ENTRY,0.0,0.0,100.0,RUNNING,0.0
ETH/USDT,NO ENTRY,0.0,0.0,100.0,RUNNING,0.0
ETH/USDT,NO ENTRY,0.0,0.0,100.0,RUNNING,0.0
ETH/USDT,NO ENTRY,0.0,0.0,100.0,RUNNING,0.0
ETH/USDT,NO ENTRY,0.0,0.0,100.0,RUNNING,0.0
ETH/USDT,NO ENTRY,0.0,0.0,100.0,RUNNING,0.0
ETH/USDT,NO ENTRY,0.0,0.0,100.0,RUNNING,0.0
ETH/USDT,NO ENTRY,0.0,0.0,100.0,RUNNING,0.0
ETH/USDT,NO ENTRY,0.0,0.0,100.0,RUNNING,0.0
ETH/USDT,NO ENTRY,0.0,0.0,100.0,RUNNING,0.0
ETH/USDT,NO ENTRY,0.0,0.0,100.0,RUNNING,0.0
ETH/USDT,NO ENTRY,0.0,0.0,100.0,RUNNING,0.0
ETH/USDT,NO ENTRY,0.0,0.0,100.0,RUNNING,0.0
ETH/USDT,NO ENTRY,0.0,0.0,100.0,RUNNING,0.0
ETH/USDT,NO ENTRY,0.0,0.0,100.0,RUNNING,0.0
ETH/USDT,NO ENTRY,0.0,0.0,100.0,RUNNING,0.0
ETH/USDT,NO ENTRY,0.0,0.0,100.0,RUNNING,0.0
ETH/USDT,NO ENTRY,0.0,0.0,100.0,RUNNING,0.0
ETH/USDT,NO ENTRY,0.0,0.0,100.0,RUNNING,0.0
ETH/USDT,NO ENTRY,0.0,0.0,100.0,RUNNING,0.0
ETH/USDT,NO ENTRY,0.0,0.0,100.0,RUNNING,0.0
ETH/USDT,NO ENTRY,0.0,0.0,100.0,RUNNING,0.0
ETH/USDT,NO ENTRY,0.0,0.0,100.0,RUNNING,0.0
ETH/USDT,NO ENTRY,0.0,0.0,80.0,RUNNING,0.0
ETH/USDT,NO ENTRY,0.0,0.0,80.0,RUNNING,0.0
ETH/USDT,NO ENTRY,0.0,0.0,80.0,RUNNING,0.0
ETH/USDT,NO ENTRY,0.0,0.0,80.0,RUNNING,0.0
ETH/USDT,NO ENTRY,0.0,0.0,80.0,RUNNING,0.0
ETH/USDT,NO ENTRY,0.0,0.0,80.0,RUNNING,0.0
ETH/USDT,NO ENTRY,0.0,0.0,80.0,RUNNING,0.0
ETH/USDT,NO ENTRY,0.0,0.0,80.0,RUNNING,0.0
ETH/USDT,NO ENTRY,0.0,0.0,80.0,RUNNING,0.0
ETH/USDT,NO ENTRY,0.0,0.0,80.0,RUNNING,0.0
ETH/USDT,NO ENTRY,0.0,0.0,80.0,RUNNING,0.0
ETH/USDT,NO ENTRY,0.0,0.0,80.0,RUNNING,0.0
ETH/USDT,NO ENTRY,0.0,0.0,80.0,RUNNING,0.0
ETH/USDT,NO ENTRY,0.0,0.0,80.0,RUNNING,0.0
ETH/USDT,NO ENTRY,0.0,0.0,80.0,RUNNING,0.0
ETH/USDT,NO ENTRY,0.0,0.0,80.0,RUNNING,0.0
ETH/USDT,NO ENTRY,0.0,0.0,80.0,RUNNING,0.0
ETH/USDT,NO ENTRY,0.0,0.0,80.0,RUNNING,0.0
ETH/USDT,NO ENTRY,0.0,0.0,80.0,RUNNING,0.0
ETH/USDT,NO ENTRY,0.0,0.0,80.0,RUNNING,0.0
ETH/USDT,NO ENTRY,0.0,0.0,80.0,RUNNING,0.0
ETH/USDT,NO ENTRY,0.0,0.0,80.0,RUNNING,0.0
ETH/USDT,NO ENTRY,0.0,0.0,80.0,RUNNING,0.0
ETH/USDT,NO ENTRY,0.0,0.0,80.0,RUNNING,0.0
ETH/USDT,NO ENTRY,0.0,0.0,80.0,RUNNING,0.0
ETH/USDT,NO ENTRY,0.0,0.0,80.0,RUNNING,0.0
ETH/USDT,NO ENTRY,0.0,0.0,80.0,RUNNING,0.0
ETH/USDT,NO ENTRY,0.0,0.0,80.0,RUNNING,0.0
ETH/USDT,NO ENTRY,0.0,0.0,80.0,RUNNING,0.0
ETH/USDT,NO ENTRY,0.0,0.0,80.0,RUNNING,0.0
ETH/USDT,NO ENTRY,0.0,0.0,80.0,RUNNING,0.0
ETH/USDT,NO ENTRY,0.0,0.0,80.0,RUNNING,0.0
ETH/USDT,NO ENTRY,0.0,0.0,80.0,RUNNING,0.0
ETH/USDT,NO ENTRY,0.0,0.0,80.0,RUNNING,0.0
ETH/USDT,NO ENTRY,0.0,0.0,80.0,RUNNING,0.0
ETH/USDT,NO ENTRY,0.0,0.0,80.0,RUNNING,0.0
ETH/USDT,NO ENTRY,0.0,0.0,80.0,RUNNING,0.0
ETH/USDT,NO ENTRY,0.0,0.0,80.0,RUNNING,0.0
ETH/USDT,NO ENTRY,0.0,0.0,80.0,RUNNING,0.0
ETH/USDT,NO ENTRY,0.0,0.0,80.0,RUNNING,0.0
ETH/USDT,NO ENTRY,0.0,0.0,80.0,RUNNING,0.0
ETH/USDT,NO ENTRY,0.0,0.0,80.0,RUNNING,0.0
ETH/USDT,NO ENTRY,0.0,0.0,100.0,RUNNING,0.0
ETH/USDT,SELL,2111.11,2066.11,80.0,RUNNING,0.0
ETH/USDT,SELL,2111.11,2066.11,80.0,RUNNING,0.0
ETH/USDT,NO ENTRY,0.0,0.0,100.0,RUNNING,0.0
ETH/USDT,NO ENTRY,0.0,0.0,100.0,RUNNING,0.0
ETH/USDT,NO ENTRY,0.0,0.0,100.0,RUNNING,0.0
ETH/USDT,NO ENTRY,0.0,0.0,80.0,RUNNING,0.0
ETH/USDT,NO ENTRY,0.0,0.0,80.0,RUNNING,0.0
ETH/USDT,NO ENTRY,0.0,0.0,80.0,RUNNING,0.0
ETH/USDT,NO ENTRY,0.0,0.0,80.0,RUNNING,0.0
ETH/USDT,NO ENTRY,0.0,0.0,80.0,RUNNING,0.0
ETH/USDT,NO ENTRY,0.0,0.0,80.0,RUNNING,0.0
ETH/USDT,NO ENTRY,0.0,0.0,80.0,RUNNING,0.0
ETH/USDT,NO ENTRY,0.0,0.0,80.0,RUNNING,0.0
ETH/USDT,NO ENTRY,0.0,0.0,80.0,RUNNING,0.0
ETH/USDT,NO ENTRY,0.0,0.0,80.0,RUNNING,0.0
ETH/USDT,NO ENTRY,0.0,0.0,80.0,RUNNING,0.0
ETH/USDT,NO ENTRY,0.0,0.0,100.0,RUNNING,0.0
ETH/USDT,NO ENTRY,0.0,0.0,100.0,RUNNING,0.0
ETH/USDT,NO ENTRY,0.0,0.0,100.0,RUNNING,0.0
ETH/USDT,NO ENTRY,0.0,0.0,100.0,RUNNING,0.0
ETH/USDT,NO ENTRY,0.0,0.0,80.0,RUNNING,0.0
ETH/USDT,NO ENTRY,0.0,0.0,80.0,RUNNING,0.0
ETH/USDT,NO ENTRY,0.0,0.0,100.0,RUNNING,0.0
ETH/USDT,NO ENTRY,0.0,0.0,100.0,RUNNING,0.0
ETH/USDT,NO ENTRY,0.0,0.0,100.0,RUNNING,0.0
ETH/USDT,NO ENTRY,0.0,0.0,100.0,RUNNING,0.0
ETH/USDT,NO ENTRY,0.0,0.0,100.0,RUNNING,0.0
ETH/USDT,NO ENTRY,0.0,0.0,100.0,RUNNING,0.0
ETH/USDT,NO ENTRY,0.0,0.0,100.0,RUNNING,0.0
ETH/USDT,NO ENTRY,0.0,0.0,100.0,RUNNING,0.0
ETH/USDT,NO ENTRY,0.0,0.0,100.0,RUNNING,0.0
ETH/USDT,NO ENTRY,0.0,0.0,100.0,RUNNING,0.0
ETH/USDT,NO ENTRY,0.0,0.0,100.0,RUNNING,0.0
ETH/USDT,NO ENTRY,0.0,0.0,100.0,RUNNING,0.0
ETH/USDT,NO ENTRY,0.0,0.0,100.0,RUNNING,0.0
ETH/USDT,NO ENTRY,0.0,0.0,100.0,RUNNING,0.0
ETH/USDT,NO ENTRY,0.0,0.0,100.0,RUNNING,0.0
ETH/USDT,NO ENTRY,0.0,0.0,100.0,RUNNING,0.0
ETH/USDT,NO ENTRY,0.0,0.0,100.0,RUNNING,0.0
ETH/USDT,NO ENTRY,0.0,0.0,80.0,RUNNING,0.0
ETH/USDT,NO ENTRY,0.0,0.0,80.0,RUNNING,0.0
ETH/USDT,NO ENTRY,0.0,0.0,80.0,RUNNING,0.0
ETH/USDT,NO ENTRY,0.0,0.0,80.0,RUNNING,0.0
ETH/USDT,NO ENTRY,0.0,0.0,80.0,RUNNING,0.0
ETH/USDT,NO ENTRY,0.0,0.0,80.0,RUNNING,0.0
ETH/USDT,NO ENTRY,0.0,0.0,80.0,RUNNING,0.0
ETH/USDT,NO ENTRY,0.0,0.0,100.0,RUNNING,0.0
ETH/USDT,NO ENTRY,0.0,0.0,100.0,RUNNING,0.0
ETH/USDT,NO ENTRY,0.0,0.0,100.0,RUNNING,0.0
ETH/USDT,NO ENTRY,0.0,0.0,100.0,RUNNING,0.0
ETH/USDT,NO ENTRY,0.0,0.0,100.0,RUNNING,0.0
ETH/USDT,NO ENTRY,0.0,0.0,100.0,RUNNING,0.0
ETH/USDT,NO ENTRY,0.0,0.0,100.0,RUNNING,0.0
ETH/USDT,SELL,2111.23,2066.23,80.0,RUNNING,0.0
ETH/USDT,NO ENTRY,0.0,0.0,100.0,RUNNING,0.0
ETH/USDT,NO ENTRY,0.0,0.0,100.0,RUNNING,0.0
ETH/USDT,NO ENTRY,0.0,0.0,100.0,RUNNING,0.0
ETH/USDT,NO ENTRY,0.0,0.0,100.0,RUNNING,0.0
ETH/USDT,NO ENTRY,0.0,0.0,100.0,RUNNING,0.0
ETH/USDT,NO ENTRY,0.0,0.0,100.0,RUNNING,0.0
ETH/USDT,NO ENTRY,0.0,0.0,100.0,RUNNING,0.0
ETH/USDT,NO ENTRY,0.0,0.0,100.0,RUNNING,0.0
ETH/USDT,SELL,2113.28,2068.28,80.0,RUNNING,0.0
ETH/USDT,NO ENTRY,0.0,0.0,80.0,RUNNING,0.0
ETH/USDT,NO ENTRY,0.0,0.0,80.0,RUNNING,0.0
ETH/USDT,NO ENTRY,0.0,0.0,100.0,RUNNING,0.0
ETH/USDT,NO ENTRY,0.0,0.0,100.0,RUNNING,0.0
ETH/USDT,NO ENTRY,0.0,0.0,100.0,RUNNING,0.0
ETH/USDT,NO ENTRY,0.0,0.0,100.0,RUNNING,0.0
ETH/USDT,NO ENTRY,0.0,0.0,100.0,RUNNING,0.0
ETH/USDT,NO ENTRY,0.0,0.0,100.0,RUNNING,0.0
ETH/USDT,NO ENTRY,0.0,0.0,100.0,RUNNING,0.0
ETH/USDT,NO ENTRY,0.0,0.0,100.0,RUNNING,0.0
ETH/USDT,NO ENTRY,0.0,0.0,100.0,RUNNING,0.0
ETH/USDT,NO ENTRY,0.0,0.0,100.0,RUNNING,0.0
ETH/USDT,NO ENTRY,0.0,0.0,100.0,RUNNING,0.0
ETH/USDT,NO ENTRY,0.0,0.0,80.0,RUNNING,0.0
ETH/USDT,NO ENTRY,0.0,0.0,80.0,RUNNING,0.0
ETH/USDT,NO ENTRY,0.0,0.0,80.0,RUNNING,0.0
ETH/USDT,NO ENTRY,0.0,0.0,100.0,RUNNING,0.0
ETH/USDT,NO ENTRY,0.0,0.0,80.0,RUNNING,0.0
ETH/USDT,NO ENTRY,0.0,0.0,80.0,RUNNING,0.0
ETH/USDT,NO ENTRY,0.0,0.0,80.0,RUNNING,0.0
ETH/USDT,NO ENTRY,0.0,0.0,80.0,RUNNING,0.0
ETH/USDT,NO ENTRY,0.0,0.0,80.0,RUNNING,0.0
ETH/USDT,NO ENTRY,0.0,0.0,80.0,RUNNING,0.0
ETH/USDT,NO ENTRY,0.0,0.0,80.0,RUNNING,0.0
ETH/USDT,NO ENTRY,0.0,0.0,80.0,RUNNING,0.0
ETH/USDT,NO ENTRY,0.0,0.0,80.0,RUNNING,0.0
ETH/USDT,NO ENTRY,0.0,0.0,80.0,RUNNING,0.0
ETH/USDT,NO ENTRY,0.0,0.0,80.0,RUNNING,0.0
ETH/USDT,NO ENTRY,0.0,0.0,80.0,RUNNING,0.0
ETH/USDT,NO ENTRY,0.0,0.0,80.0,RUNNING,0.0
ETH/USDT,NO ENTRY,0.0,0.0,80.0,RUNNING,0.0
ETH/USDT,NO ENTRY,0.0,0.0,80.0,RUNNING,0.0
ETH/USDT,NO ENTRY,0.0,0.0,80.0,RUNNING,0.0
ETH/USDT,NO ENTRY,0.0,0.0,80.0,RUNNING,0.0
ETH/USDT,NO ENTRY,0.0,0.0,100.0,RUNNING,0.0
ETH/USDT,NO ENTRY,0.0,0.0,100.0,RUNNING,0.0
ETH/USDT,NO ENTRY,0.0,0.0,100.0,RUNNING,0.0
ETH/USDT,NO ENTRY,0.0,0.0,100.0,RUNNING,0.0
ETH/USDT,NO ENTRY,0.0,0.0,100.0,RUNNING,0.0
ETH/USDT,NO ENTRY,0.0,0.0,80.0,RUNNING,0.0
ETH/USDT,NO ENTRY,0.0,0.0,80.0,RUNNING,0.0
ETH/USDT,NO ENTRY,0.0,0.0,80.0,RUNNING,0.0
ETH/USDT,SELL,2112.48,2067.48,80.0,RUNNING,0.0
ETH/USDT,SELL,2112.16,2067.16,80.0,RUNNING,0.0
ETH/USDT,SELL,2111.73,2066.73,80.0,RUNNING,0.0
ETH/USDT,NO ENTRY,0.0,0.0,80.0,RUNNING,0.0
ETH/USDT,SELL,2111.55,2066.55,80.0,RUNNING,0.0
ETH/USDT,NO ENTRY,0.0,0.0,80.0,RUNNING,0.0
ETH/USDT,NO ENTRY,0.0,0.0,80.0,RUNNING,0.0
ETH/USDT,NO ENTRY,0.0,0.0,80.0,RUNNING,0.0
ETH/USDT,NO ENTRY,0.0,0.0,100.0,RUNNING,0.0
ETH/USDT,NO ENTRY,0.0,0.0,100.0,RUNNING,0.0
ETH/USDT,NO ENTRY,0.0,0.0,100.0,RUNNING,0.0
ETH/USDT,NO ENTRY,0.0,0.0,100.0,RUNNING,0.0
ETH/USDT,NO ENTRY,0.0,0.0,100.0,RUNNING,0.0
ETH/USDT,NO ENTRY,0.0,0.0,100.0,RUNNING,0.0
ETH/USDT,NO ENTRY,0.0,0.0,100.0,RUNNING,0.0
ETH/USDT,SELL,2112.85,2067.85,80.0,RUNNING,0.0
ETH/USDT,SELL,2112.19,2067.19,80.0,RUNNING,0.0
ETH/USDT,SELL,2112.04,2067.04,80.0,RUNNING,0.0
ETH/USDT,SELL,2112.3,2067.3,80.0,RUNNING,0.0
ETH/USDT,SELL,2112.3,2067.3,80.0,RUNNING,0.0
ETH/USDT,SELL,2112.22,2067.22,80.0,RUNNING,0.0
ETH/USDT,NO ENTRY,0.0,0.0,80.0,RUNNING,0.0
ETH/USDT,NO ENTRY,0.0,0.0,80.0,RUNNING,0.0
ETH/USDT,NO ENTRY,0.0,0.0,80.0,RUNNING,0.0
ETH/USDT,NO ENTRY,0.0,0.0,80.0,RUNNING,0.0
ETH/USDT,NO ENTRY,0.0,0.0,80.0,RUNNING,0.0
ETH/USDT,NO ENTRY,0.0,0.0,80.0,RUNNING,0.0
ETH/USDT,NO ENTRY,0.0,0.0,100.0,RUNNING,0.0
ETH/USDT,NO ENTRY,0.0,0.0,100.0,RUNNING,0.0
ETH/USDT,NO ENTRY,0.0,0.0,100.0,RUNNING,0.0
ETH/USDT,NO ENTRY,0.0,0.0,80.0,RUNNING,0.0
ETH/USDT,NO ENTRY,0.0,0.0,80.0,RUNNING,0.0
ETH/USDT,NO ENTRY,0.0,0.0,80.0,RUNNING,0.0
ETH/USDT,NO ENTRY,0.0,0.0,100.0,RUNNING,0.0
ETH/USDT,NO ENTRY,0.0,0.0,100.0,RUNNING,0.0
ETH/USDT,NO ENTRY,0.0,0.0,100.0,RUNNING,0.0
ETH/USDT,NO ENTRY,0.0,0.0,100.0,RUNNING,0.0
ETH/USDT,NO ENTRY,0.0,0.0,100.0,RUNNING,0.0
ETH/USDT,NO ENTRY,0.0,0.0,100.0,RUNNING,0.0
ETH/USDT,NO ENTRY,0.0,0.0,100.0,RUNNING,0.0
ETH/USDT,NO ENTRY,0.0,0.0,100.0,RUNNING,0.0
ETH/USDT,NO ENTRY,0.0,0.0,100.0,RUNNING,0.0
ETH/USDT,NO ENTRY,0.0,0.0,100.0,RUNNING,0.0
ETH/USDT,NO ENTRY,0.0,0.0,100.0,RUNNING,0.0
ETH/USDT,NO ENTRY,0.0,0.0,100.0,RUNNING,0.0
ETH/USDT,NO ENTRY,0.0,0.0,100.0,RUNNING,0.0
ETH/USDT,NO ENTRY,0.0,0.0,100.0,RUNNING,0.0
ETH/USDT,NO ENTRY,0.0,0.0,100.0,RUNNING,0.0
ETH/USDT,NO ENTRY,0.0,0.0,100.0,RUNNING,0.0
ETH/USDT,NO ENTRY,0.0,0.0,100.0,RUNNING,0.0
ETH/USDT,NO ENTRY,0.0,0.0,100.0,RUNNING,0.0
ETH/USDT,NO ENTRY,0.0,0.0,100.0,RUNNING,0.0
ETH/USDT,NO ENTRY,0.0,0.0,100.0,RUNNING,0.0
ETH/USDT,NO ENTRY,0.0,0.0,100.0,RUNNING,0.0
ETH/USDT,NO ENTRY,0.0,0.0,100.0,RUNNING,0.0
ETH/USDT,NO ENTRY,0.0,0.0,100.0,RUNNING,0.0
ETH/USDT,NO ENTRY,0.0,0.0,100.0,RUNNING,0.0
ETH/USDT,NO ENTRY,0.0,0.0,100.0,RUNNING,0.0
ETH/USDT,NO ENTRY,0.0,0.0,100.0,RUNNING,0.0
ETH/USDT,NO ENTRY,0.0,0.0,100.0,RUNNING,0.0
ETH/USDT,NO ENTRY,0.0,0.0,100.0,RUNNING,0.0
ETH/USDT,NO ENTRY,0.0,0.0,100.0,RUNNING,0.0
ETH/USDT,NO ENTRY,0.0,0.0,100.0,RUNNING,0.0
ETH/USDT,NO ENTRY,0.0,0.0,100.0,RUNNING,0.0
ETH/USDT,NO ENTRY,0.0,0.0,100.0,RUNNING,0.0
ETH/USDT,NO ENTRY,0.0,0.0,80.0,RUNNING,0.0
ETH/USDT,NO ENTRY,0.0,0.0,80.0,RUNNING,0.0
ETH/USDT,NO ENTRY,0.0,0.0,80.0,RUNNING,0.0
ETH/USDT,NO ENTRY,0.0,0.0,80.0,RUNNING,0.0
ETH/USDT,NO ENTRY,0.0,0.0,80.0,RUNNING,0.0
ETH/USDT,NO ENTRY,0.0,0.0,80.0,RUNNING,0.0
ETH/USDT,NO ENTRY,0.0,0.0,80.0,RUNNING,0.0
ETH/USDT,NO ENTRY,0.0,0.0,80.0,RUNNING,0.0
ETH/USDT,NO ENTRY,0.0,0.0,100.0,RUNNING,0.0
ETH/USDT,NO ENTRY,0.0,0.0,80.0,RUNNING,0.0
ETH/USDT,NO ENTRY,0.0,0.0,100.0,RUNNING,0.0
ETH/USDT,SELL,2114.34,2069.34,80.0,RUNNING,0.0
ETH/USDT,NO ENTRY,0.0,0.0,80.0,RUNNING,0.0
ETH/USDT,NO ENTRY,0.0,0.0,80.0,RUNNING,0.0
ETH/USDT,SELL,2114.13,2069.13,80.0,RUNNING,0.0
ETH/USDT,SELL,2113.88,2068.88,80.0,RUNNING,0.0
ETH/USDT,SELL,2113.88,2068.88,80.0,RUNNING,0.0
ETH/USDT,SELL,2113.99,2068.99,80.0,RUNNING,0.0
ETH/USDT,NO ENTRY,0.0,0.0,80.0,RUNNING,0.0
ETH/USDT,NO ENTRY,0.0,0.0,80.0,RUNNING,0.0
ETH/USDT,NO ENTRY,0.0,0.0,80.0,RUNNING,0.0
ETH/USDT,NO ENTRY,0.0,0.0,80.0,RUNNING,0.0
ETH/USDT,NO ENTRY,0.0,0.0,80.0,RUNNING,0.0
ETH/USDT,NO ENTRY,0.0,0.0,80.0,RUNNING,0.0
ETH/USDT,NO ENTRY,0.0,0.0,80.0,RUNNING,0.0
ETH/USDT,NO ENTRY,0.0,0.0,80.0,RUNNING,0.0
ETH/USDT,NO ENTRY,0.0,0.0,80.0,RUNNING,0.0
ETH/USDT,NO ENTRY,0.0,0.0,80.0,RUNNING,0.0
ETH/USDT,NO ENTRY,0.0,0.0,80.0,RUNNING,0.0
ETH/USDT,NO ENTRY,0.0,0.0,80.0,RUNNING,0.0
ETH/USDT,NO ENTRY,0.0,0.0,80.0,RUNNING,0.0
ETH/USDT,NO ENTRY,0.0,0.0,80.0,RUNNING,0.0
ETH/USDT,SESSION CLOSED,0.0,0.0,80.0,RUNNING,0.0
ETH/USDT,SESSION CLOSED,0.0,0.0,80.0,RUNNING,0.0
BTC/USDT,SESSION CLOSED,0.0,0.0,80.0,RUNNING,0.0
ETH/USDT,SESSION CLOSED,0.0,0.0,80.0,RUNNING,0.0
ETH/USDT,SESSION CLOSED,0.0,0.0,80.0,RUNNING,0.0
ETH/USDT,SESSION CLOSED,0.0,0.0,80.0,RUNNING,0.0
ETH/USDT,SESSION CLOSED,0.0,0.0,80.0,RUNNING,0.0
ETH/USDT,SESSION CLOSED,0.0,0.0,80.0,RUNNING,0.0
ETH/USDT,SESSION CLOSED,0.0,0.0,80.0,RUNNING,0.0
ETH/USDT,SESSION CLOSED,0.0,0.0,80.0,RUNNING,0.0
ETH/USDT,SESSION CLOSED,0.0,0.0,80.0,RUNNING,0.0
ETH/USDT,SESSION CLOSED,0.0,0.0,100.0,RUNNING,0.0
ETH/USDT,SESSION CLOSED,0.0,0.0,100.0,RUNNING,0.0
ETH/USDT,SESSION CLOSED,0.0,0.0,100.0,RUNNING,0.0
ETH/USDT,SESSION CLOSED,0.0,0.0,100.0,RUNNING,0.0
ETH/USDT,SESSION CLOSED,0.0,0.0,80.0,RUNNING,0.0
ETH/USDT,SESSION CLOSED,0.0,0.0,80.0,RUNNING,0.0
ETH/USDT,SESSION CLOSED,0.0,0.0,80.0,RUNNING,0.0
ETH/USDT,SESSION CLOSED,0.0,0.0,80.0,RUNNING,0.0
ETH/USDT,SESSION CLOSED,0.0,0.0,80.0,RUNNING,0.0
ETH/USDT,SESSION CLOSED,0.0,0.0,80.0,RUNNING,0.0
ETH/USDT,SESSION CLOSED,0.0,0.0,80.0,RUNNING,0.0
ETH/USDT,SESSION CLOSED,0.0,0.0,80.0,RUNNING,0.0
ETH/USDT,SESSION CLOSED,0.0,0.0,80.0,RUNNING,0.0
ETH/USDT,SESSION CLOSED,0.0,0.0,80.0,RUNNING,0.0
ETH/USDT,SESSION CLOSED,0.0,0.0,80.0,RUNNING,0.0
ETH/USDT,SESSION CLOSED,0.0,0.0,80.0,RUNNING,0.0
ETH/USDT,SESSION CLOSED,0.0,0.0,80.0,RUNNING,0.0
ETH/USDT,SESSION CLOSED,0.0,0.0,80.0,RUNNING,0.0
ETH/USDT,SESSION CLOSED,0.0,0.0,100.0,RUNNING,0.0
ETH/USDT,SESSION CLOSED,0.0,0.0,100.0,RUNNING,0.0
ETH/USDT,SESSION CLOSED,0.0,0.0,100.0,RUNNING,0.0
ETH/USDT,SESSION CLOSED,0.0,0.0,100.0,RUNNING,0.0
ETH/USDT,SESSION CLOSED,0.0,0.0,100.0,RUNNING,0.0
ETH/USDT,SESSION CLOSED,0.0,0.0,100.0,RUNNING,0.0
ETH/USDT,SESSION CLOSED,0.0,0.0,100.0,RUNNING,0.0
ETH/USDT,SESSION CLOSED,0.0,0.0,100.0,RUNNING,0.0
ETH/USDT,SESSION CLOSED,0.0,0.0,100.0,RUNNING,0.0
BTC/USDT,SESSION CLOSED,0.0,0.0,80.0,RUNNING,0.0
ETH/USDT,SESSION CLOSED,0.0,0.0,80.0,RUNNING,0.0
ETH/USDT,SESSION CLOSED,0.0,0.0,80.0,RUNNING,0.0
ETH/USDT,SESSION CLOSED,0.0,0.0,80.0,RUNNING,0.0
ETH/USDT,SESSION CLOSED,0.0,0.0,80.0,RUNNING,0.0
ETH/USDT,SESSION CLOSED,0.0,0.0,80.0,RUNNING,0.0
ETH/USDT,SESSION CLOSED,0.0,0.0,80.0,RUNNING,0.0
ETH/USDT,SESSION CLOSED,0.0,0.0,80.0,RUNNING,0.0
ETH/USDT,SESSION CLOSED,0.0,0.0,80.0,RUNNING,0.0
ETH/USDT,SESSION CLOSED,0.0,0.0,80.0,RUNNING,0.0
ETH/USDT,SESSION CLOSED,0.0,0.0,80.0,RUNNING,0.0
ETH/USDT,SESSION CLOSED,0.0,0.0,80.0,RUNNING,0.0
ETH/USDT,SESSION CLOSED,0.0,0.0,80.0,RUNNING,0.0
ETH/USDT,SESSION CLOSED,0.0,0.0,80.0,RUNNING,0.0
ETH/USDT,SESSION CLOSED,0.0,0.0,80.0,RUNNING,0.0
ETH/USDT,SESSION CLOSED,0.0,0.0,80.0,RUNNING,0.0
ETH/USDT,SESSION CLOSED,0.0,0.0,80.0,RUNNING,0.0
ETH/USDT,SESSION CLOSED,0.0,0.0,80.0,RUNNING,0.0
ETH/USDT,SESSION CLOSED,0.0,0.0,80.0,RUNNING,0.0
ETH/USDT,SESSION CLOSED,0.0,0.0,80.0,RUNNING,0.0
ETH/USDT,SESSION CLOSED,0.0,0.0,80.0,RUNNING,0.0
ETH/USDT,SESSION CLOSED,0.0,0.0,80.0,RUNNING,0.0
ETH/USDT,SESSION CLOSED,0.0,0.0,80.0,RUNNING,0.0
ETH/USDT,SESSION CLOSED,0.0,0.0,80.0,RUNNING,0.0
ETH/USDT,SESSION CLOSED,0.0,0.0,80.0,RUNNING,0.0
ETH/USDT,SESSION CLOSED,0.0,0.0,80.0,RUNNING,0.0
ETH/USDT,SESSION CLOSED,0.0,0.0,80.0,RUNNING,0.0
ETH/USDT,SESSION CLOSED,0.0,0.0,80.0,RUNNING,0.0
ETH/USDT,SESSION CLOSED,0.0,0.0,80.0,RUNNING,0.0
ETH/USDT,SESSION CLOSED,0.0,0.0,80.0,RUNNING,0.0
ETH/USDT,SESSION CLOSED,0.0,0.0,80.0,RUNNING,0.0
ETH/USDT,SESSION CLOSED,0.0,0.0,80.0,RUNNING,0.0
ETH/USDT,SESSION CLOSED,0.0,0.0,80.0,RUNNING,0.0
ETH/USDT,SESSION CLOSED,0.0,0.0,80.0,RUNNING,0.0
ETH/USDT,SESSION CLOSED,0.0,0.0,80.0,RUNNING,0.0
ETH/USDT,SESSION CLOSED,0.0,0.0,80.0,RUNNING,0.0
ETH/USDT,SESSION CLOSED,0.0,0.0,80.0,RUNNING,0.0
ETH/USDT,SESSION CLOSED,0.0,0.0,80.0,RUNNING,0.0
ETH/USDT,SESSION CLOSED,0.0,0.0,80.0,RUNNING,0.0
ETH/USDT,SESSION CLOSED,0.0,0.0,80.0,RUNNING,0.0
ETH/USDT,SESSION CLOSED,0.0,0.0,80.0,RUNNING,0.0
ETH/USDT,SESSION CLOSED,0.0,0.0,80.0,RUNNING,0.0
ETH/USDT,SESSION CLOSED,0.0,0.0,80.0,RUNNING,0.0
ETH/USDT,SESSION CLOSED,0.0,0.0,80.0,RUNNING,0.0
ETH/USDT,SESSION CLOSED,0.0,0.0,80.0,RUNNING,0.0
ETH/USDT,SESSION CLOSED,0.0,0.0,80.0,RUNNING,0.0
ETH/USDT,SESSION CLOSED,0.0,0.0,80.0,RUNNING,0.0
ETH/USDT,SESSION CLOSED,0.0,0.0,80.0,RUNNING,0.0
ETH/USDT,SESSION CLOSED,0.0,0.0,80.0,RUNNING,0.0
ETH/USDT,SESSION CLOSED,0.0,0.0,80.0,RUNNING,0.0
ETH/USDT,SESSION CLOSED,0.0,0.0,80.0,RUNNING,0.0
ETH/USDT,SESSION CLOSED,0.0,0.0,80.0,RUNNING,0.0
ETH/USDT,SESSION CLOSED,0.0,0.0,80.0,RUNNING,0.0
ETH/USDT,SESSION CLOSED,0.0,0.0,80.0,RUNNING,0.0
ETH/USDT,SESSION CLOSED,0.0,0.0,80.0,RUNNING,0.0
ETH/USDT,SESSION CLOSED,0.0,0.0,80.0,RUNNING,0.0
ETH/USDT,SESSION CLOSED,0.0,0.0,80.0,RUNNING,0.0
ETH/USDT,SESSION CLOSED,0.0,0.0,80.0,RUNNING,0.0
ETH/USDT,SESSION CLOSED,0.0,0.0,80.0,RUNNING,0.0
ETH/USDT,SESSION CLOSED,0.0,0.0,80.0,RUNNING,0.0
ETH/USDT,SESSION CLOSED,0.0,0.0,80.0,RUNNING,0.0
ETH/USDT,SESSION CLOSED,0.0,0.0,80.0,RUNNING,0.0
ETH/USDT,SESSION CLOSED,0.0,0.0,80.0,RUNNING,0.0
ETH/USDT,SESSION CLOSED,0.0,0.0,80.0,RUNNING,0.0
ETH/USDT,SESSION CLOSED,0.0,0.0,80.0,RUNNING,0.0
ETH/USDT,SESSION CLOSED,0.0,0.0,80.0,RUNNING,0.0
ETH/USDT,SESSION CLOSED,0.0,0.0,80.0,RUNNING,0.0
ETH/USDT,SESSION CLOSED,0.0,0.0,80.0,RUNNING,0.0
ETH/USDT,SESSION CLOSED,0.0,0.0,80.0,RUNNING,0.0
ETH/USDT,SESSION CLOSED,0.0,0.0,80.0,RUNNING,0.0
ETH/USDT,SESSION CLOSED,0.0,0.0,80.0,RUNNING,0.0
ETH/USDT,SESSION CLOSED,0.0,0.0,80.0,RUNNING,0.0
ETH/USDT,SESSION CLOSED,0.0,0.0,80.0,RUNNING,0.0
ETH/USDT,SESSION CLOSED,0.0,0.0,80.0,RUNNING,0.0
ETH/USDT,SESSION CLOSED,0.0,0.0,100.0,RUNNING,0.0
ETH/USDT,SESSION CLOSED,0.0,0.0,100.0,RUNNING,0.0
ETH/USDT,SESSION CLOSED,0.0,0.0,100.0,RUNNING,0.0
ETH/USDT,SESSION CLOSED,0.0,0.0,100.0,RUNNING,0.0
ETH/USDT,SESSION CLOSED,0.0,0.0,100.0,RUNNING,0.0
ETH/USDT,SESSION CLOSED,0.0,0.0,100.0,RUNNING,0.0
ETH/USDT,SESSION CLOSED,0.0,0.0,100.0,RUNNING,0.0
ETH/USDT,SESSION CLOSED,0.0,0.0,100.0,RUNNING,0.0
ETH/USDT,SESSION CLOSED,0.0,0.0,100.0,RUNNING,0.0
ETH/USDT,SESSION CLOSED,0.0,0.0,100.0,RUNNING,0.0
ETH/USDT,SESSION CLOSED,0.0,0.0,100.0,RUNNING,0.0
ETH/USDT,SESSION CLOSED,0.0,0.0,100.0,RUNNING,0.0
ETH/USDT,SESSION CLOSED,0.0,0.0,100.0,RUNNING,0.0
ETH/USDT,SESSION CLOSED,0.0,0.0,100.0,RUNNING,0.0
ETH/USDT,SESSION CLOSED,0.0,0.0,100.0,RUNNING,0.0
ETH/USDT,SESSION CLOSED,0.0,0.0,100.0,RUNNING,0.0
ETH/USDT,SESSION CLOSED,0.0,0.0,100.0,RUNNING,0.0
ETH/USDT,SESSION CLOSED,0.0,0.0,100.0,RUNNING,0.0
ETH/USDT,SESSION CLOSED,0.0,0.0,100.0,RUNNING,0.0
ETH/USDT,SESSION CLOSED,0.0,0.0,80.0,RUNNING,0.0
ETH/USDT,SESSION CLOSED,0.0,0.0,80.0,RUNNING,0.0
ETH/USDT,SESSION CLOSED,0.0,0.0,80.0,RUNNING,0.0
ETH/USDT,SESSION CLOSED,0.0,0.0,80.0,RUNNING,0.0
ETH/USDT,SESSION CLOSED,0.0,0.0,80.0,RUNNING,0.0
ETH/USDT,SESSION CLOSED,0.0,0.0,80.0,RUNNING,0.0
ETH/USDT,SESSION CLOSED,0.0,0.0,100.0,RUNNING,0.0
ETH/USDT,SESSION CLOSED,0.0,0.0,100.0,RUNNING,0.0
ETH/USDT,SESSION CLOSED,0.0,0.0,80.0,RUNNING,0.0
ETH/USDT,SESSION CLOSED,0.0,0.0,80.0,RUNNING,0.0
BTC/USDT,SESSION CLOSED,0.0,0.0,80.0,RUNNING,0.0
BTC/USDT,SESSION CLOSED,0.0,0.0,80.0,RUNNING,0.0
ETH/USDT,SESSION CLOSED,0.0,0.0,80.0,RUNNING,0.0
ETH/USDT,SESSION CLOSED,0.0,0.0,80.0,RUNNING,0.0
ETH/USDT,SESSION CLOSED,0.0,0.0,80.0,RUNNING,0.0
ETH/USDT,SESSION CLOSED,0.0,0.0,80.0,RUNNING,0.0
ETH/USDT,SESSION CLOSED,0.0,0.0,80.0,RUNNING,0.0
ETH/USDT,SESSION CLOSED,0.0,0.0,80.0,RUNNING,0.0
ETH/USDT,SESSION CLOSED,0.0,0.0,80.0,RUNNING,0.0
ETH/USDT,SESSION CLOSED,0.0,0.0,80.0,RUNNING,0.0
ETH/USDT,SESSION CLOSED,0.0,0.0,80.0,RUNNING,0.0
ETH/USDT,SESSION CLOSED,0.0,0.0,80.0,RUNNING,0.0
BTC/USDT,SESSION CLOSED,0.0,0.0,80.0,RUNNING,0.0
BTC/USDT,SESSION CLOSED,0.0,0.0,80.0,RUNNING,0.0
BTC/USDT,SESSION CLOSED,0.0,0.0,100.0,RUNNING,0.0
ETH/USDT,SESSION CLOSED,0.0,0.0,100.0,RUNNING,0.0
ETH/USDT,SESSION CLOSED,0.0,0.0,100.0,RUNNING,0.0
ETH/USDT,SESSION CLOSED,0.0,0.0,100.0,RUNNING,0.0
ETH/USDT,SESSION CLOSED,0.0,0.0,100.0,RUNNING,0.0
ETH/USDT,SESSION CLOSED,0.0,0.0,100.0,RUNNING,0.0
ETH/USDT,SESSION CLOSED,0.0,0.0,100.0,RUNNING,0.0
ETH/USDT,SESSION CLOSED,0.0,0.0,100.0,RUNNING,0.0
ETH/USDT,SESSION CLOSED,0.0,0.0,100.0,RUNNING,0.0
ETH/USDT,SESSION CLOSED,0.0,0.0,100.0,RUNNING,0.0
ETH/USDT,SESSION CLOSED,0.0,0.0,100.0,RUNNING,0.0
ETH/USDT,SESSION CLOSED,0.0,0.0,100.0,RUNNING,0.0
ETH/USDT,SESSION CLOSED,0.0,0.0,100.0,RUNNING,0.0
ETH/USDT,SESSION CLOSED,0.0,0.0,100.0,RUNNING,0.0
ETH/USDT,SESSION CLOSED,0.0,0.0,100.0,RUNNING,0.0
ETH/USDT,SESSION CLOSED,0.0,0.0,100.0,RUNNING,0.0
ETH/USDT,SESSION CLOSED,0.0,0.0,100.0,RUNNING,0.0
ETH/USDT,SESSION CLOSED,0.0,0.0,100.0,RUNNING,0.0
ETH/USDT,SESSION CLOSED,0.0,0.0,100.0,RUNNING,0.0
ETH/USDT,SESSION CLOSED,0.0,0.0,100.0,RUNNING,0.0
ETH/USDT,SESSION CLOSED,0.0,0.0,80.0,RUNNING,0.0
ETH/USDT,SESSION CLOSED,0.0,0.0,80.0,RUNNING,0.0
ETH/USDT,SESSION CLOSED,0.0,0.0,80.0,RUNNING,0.0
ETH/USDT,SESSION CLOSED,0.0,0.0,80.0,RUNNING,0.0
ETH/USDT,SESSION CLOSED,0.0,0.0,80.0,RUNNING,0.0
ETH/USDT,SESSION CLOSED,0.0,0.0,80.0,RUNNING,0.0
ETH/USDT,SESSION CLOSED,0.0,0.0,80.0,RUNNING,0.0
ETH/USDT,SESSION CLOSED,0.0,0.0,80.0,RUNNING,0.0
ETH/USDT,SESSION CLOSED,0.0,0.0,80.0,RUNNING,0.0
